missing_rate,method,chunk_count,missing_count,valid_eval_count,fallback_count,abs_error_sum,sq_error_sum,ape_sum,ape_count,smape_sum,smape_count,true_min,true_max,mae,rmse,mape,smape,nrmse,exclude_warmup
0.05,correlation_topology_neighbor_fill,61,12306677,12306677,295897,587606631.0,187205683968.0,483891.02978515625,12234220,406266.6298828125,12294783,0.0,10467.60546875,47.74697759598306,123.335788374478,0.03955225832011818,0.03304382272406211,0.011782617212951403,False
0.1,correlation_topology_neighbor_fill,61,24613354,24613354,874483,1227571381.0,413767834112.0,816032.83203125,24469741,834542.9580078125,24589238,0.0,10468.935546875,49.87420166304844,129.65610297590624,0.03334865015658523,0.03393935826754015,0.0123848410753287,False
0.2,correlation_topology_neighbor_fill,61,49226707,49226707,3650758,2739827424.0,1028843196416.0,1870911.072265625,48943919,1781518.546875,49171859,0.0,10468.935546875,55.657337062989,144.56867565112782,0.03822560821632663,0.03623044934857964,0.013809300382433044,False
0.3,correlation_topology_neighbor_fill,61,73840061,73840061,9401963,4637944064.0,1925582860288.0,3258559.55859375,73416404,2904819.2109375,73747707,0.0,10468.935546875,62.810674872004775,161.48607629707914,0.04438462497555383,0.03938860378313186,0.015425262250781845,False
