missing_rate,method,chunk_count,missing_count,valid_eval_count,fallback_count,abs_error_sum,sq_error_sum,ape_sum,ape_count,smape_sum,smape_count,true_min,true_max,mae,rmse,mape,smape,nrmse,exclude_warmup
0.05,correlation_topology_neighbor_fill,54,10909934,10909934,96810,492479404.0,132685440768.0,416057.04736328125,10847370,342292.99169921875,10900385,0.0,10467.60546875,45.14045676169993,110.28096915984338,0.038355568894882466,0.03140191761109527,0.010535453355504876,True
0.1,correlation_topology_neighbor_fill,54,21800657,21800657,442885,1027629959.0,292304376832.0,694127.6806640625,21677877,700943.6083984375,21781763,0.0,10468.935546875,47.13756833108287,115.79314991005326,0.032020094987348736,0.03218029726971308,0.011060642162862275,True
0.2,correlation_topology_neighbor_fill,54,43578360,43578360,2555504,2304706572.0,753704036352.0,1586664.619140625,43335831,1499644.87890625,43534647,0.0,10468.935546875,52.88649164401781,131.51187795155914,0.03661322703470542,0.034447158349676064,0.012562105990882304,True
0.3,correlation_topology_neighbor_fill,54,65367474,65367474,7365521,3912681976.0,1441816805376.0,2739697.6875,65004211,2449478.3046875,65293124,0.0,10468.935546875,59.85671063256934,148.51632364066734,0.04214646474979906,0.03751510349983407,0.01418638246225518,True
