client_id,distribution_type,traffic_pattern,sample_size,noise_level,base_flow,morning_mu,evening_mu,morning_amp,evening_amp,incident_prob,mean_flow,std_flow,min_flow,max_flow
0,normal,平稳通勤型,600,2.0,100.0,8.0,18.0,30.0,25.0,0.0,103.57244873046875,15.18519115447998,71.17396545410156,151.82847595214844
1,student-t,波动型,500,5.0,80.0,7.5,17.5,35.0,30.0,0.0,87.0555648803711,15.587952613830566,25.13437271118164,147.57327270507812
2,chi-square,偏态高流量型,700,8.0,120.0,8.5,18.5,25.0,20.0,0.0,122.80188751220703,19.098867416381836,77.55682373046875,216.33795166015625
3,gaussian_mixture,双峰型,550,4.0,90.0,7.0,19.0,40.0,35.0,0.0,92.5615005493164,16.270050048828125,52.53742599487305,162.42442321777344
4,log_normal,突发拥堵型,450,6.0,70.0,8.2,17.8,28.0,22.0,0.05,46.81430435180664,28.776578903198242,-58.01918411254883,113.89486694335938
