method,graph_type,aggregation_method,mse_mean,mse_std,rmse_mean,rmse_std,mae_mean,mae_std
GCN-FedAvg,fixed_adjacency,fedavg,69.40128087997437,91.35464935241896,7.064052330380984,4.570922721040971,5.432020735740662,3.47788601023259
GCN-Proposed,fixed_adjacency,proposed,67.83471749623617,88.42398101723008,7.0078054720770995,4.479163660984972,5.397032229105632,3.41077152163001
Independent,fixed_adjacency,none,99.30916763941447,116.04559430877624,8.549963421772249,5.298985057042025,6.899952427546183,4.422494863621613
