aggregation_method,graph_type,mse_mean,mse_std,rmse_mean,rmse_std,mae_mean,mae_std
Data-loss,fixed_adjacency,51.68472089767456,53.05752998486336,6.3510335514166645,3.7664794116081377,4.968304395675659,2.8426726315411397
FedAvg,fixed_adjacency,51.948525714874265,53.83187691990878,6.356616754414173,3.798346540334243,4.953552627563477,2.852393951019573
Loss-weighted,fixed_adjacency,50.97159872055054,52.31655857818556,6.296987380063411,3.7615735829358505,4.914704704284668,2.807689817661916
Proposed,fixed_adjacency,51.76510972976685,53.27003168026238,6.353652017467569,3.7742906238618437,4.965481376647949,2.8462447485203324
Similarity,fixed_adjacency,51.688467025756836,52.842924830417715,6.359591567781377,3.749010222172123,4.9744710445404055,2.832828388442915
