aggregation_method,graph_type,mse_mean,mse_std,rmse_mean,rmse_std,mae_mean,mae_std
Data-loss,fixed_adjacency,51.024546432495114,51.034689988088125,6.35595126558629,3.644590159055464,5.003986740112305,2.8038579362016898
FedAvg,fixed_adjacency,51.01235342025757,51.456111644875485,6.344139498511063,3.668147939302847,4.973972225189209,2.8073071634911098
Loss-weighted,fixed_adjacency,50.40045042037964,50.504724834822184,6.3066170199033875,3.6446934344064785,4.955725860595703,2.768223524371936
Proposed,fixed_adjacency,50.97692222595215,51.039369817249685,6.352137489900262,3.6447344785587172,4.99521017074585,2.802498989283573
Similarity,fixed_adjacency,50.953980445861816,50.694814245797446,6.360645236591962,3.6221838405997904,5.005355024337769,2.7884406596412283
