lambda,graph_type,mse_mean,mse_std,rmse_mean,rmse_std,mae_mean,mae_std
0.0,fixed_adjacency,50.97159872055054,52.31655857818556,6.296987380063411,3.7615735829358505,4.914704704284668,2.807689817661916
0.25,fixed_adjacency,51.34414625167847,52.63179525134671,6.327897464048176,3.7586333846511173,4.949443101882935,2.8273428153366167
0.5,fixed_adjacency,51.68472089767456,53.05752998486336,6.3510335514166645,3.7664794116081377,4.968304395675659,2.8426726315411397
0.75,fixed_adjacency,51.90586786270141,53.511987521351486,6.360686747939679,3.7827787334983607,4.970541906356812,2.855138770724334
1.0,fixed_adjacency,51.948525714874265,53.83187691990878,6.356616754414173,3.798346540334243,4.953552627563477,2.852393951019573
