graph_type,method,mse_mean,mse_std,rmse_mean,rmse_std,mae_mean,mae_std
dynamic_offpeak_adjacency,GCN-FedAvg,50.86806344985962,51.30130702759667,6.341915569372702,3.648316454340231,4.989032459259033,2.8171545449127735
dynamic_offpeak_adjacency,GCN-Proposed,50.65647745132446,50.68710729557259,6.337937311941644,3.620605626345955,4.992200469970703,2.7978607753165163
dynamic_peak_adjacency,GCN-FedAvg,50.34506101608277,50.72565007926821,6.307337629757134,3.633619586640232,4.948978996276855,2.7913717980987105
dynamic_peak_adjacency,GCN-Proposed,50.355118083953855,50.49351147656654,6.313553718428519,3.621836124204006,4.960533666610718,2.7827648577921056
fixed_adjacency,GCN-FedAvg,51.01235342025757,51.456111644875485,6.344139498511063,3.668147939302847,4.973972225189209,2.8073071634911098
fixed_adjacency,GCN-Proposed,50.97692222595215,51.039369817249685,6.352137489900262,3.6447344785587172,4.99521017074585,2.802498989283573
functional_similarity_adjacency,GCN-FedAvg,50.95030374526978,52.018569806326774,6.324241439958825,3.7003840939788435,4.973960924148559,2.8479582362458014
functional_similarity_adjacency,GCN-Proposed,50.64895277023315,51.1222510807297,6.320752071119577,3.656679850915091,4.980096769332886,2.8201460416230804
