graph_type,method,mse_mean,mse_std,rmse_mean,rmse_std,mae_mean,mae_std
dynamic_offpeak_adjacency,GCN-FedAvg,51.51766290664673,53.36659261338195,6.337409785214709,3.767442786710832,4.953211259841919,2.8511717279163
dynamic_offpeak_adjacency,GCN-Proposed,51.13281116485596,52.48777151442225,6.323114096605101,3.733470116086677,4.9489888668060305,2.826353295803979
dynamic_peak_adjacency,GCN-FedAvg,50.91717157363892,52.541807281312806,6.302966725570473,3.7399502052150275,4.920795536041259,2.827970218687071
dynamic_peak_adjacency,GCN-Proposed,50.721970081329346,52.022205603866546,6.296305105585077,3.721308926089152,4.923307847976685,2.8144037442956495
fixed_adjacency,GCN-FedAvg,51.948525714874265,53.83187691990878,6.356616754414173,3.798346540334243,4.953552627563477,2.852393951019573
fixed_adjacency,GCN-Proposed,51.76510972976685,53.27003168026238,6.353652017467569,3.7742906238618437,4.965481376647949,2.8462447485203324
functional_similarity_adjacency,GCN-FedAvg,51.725325202941896,54.15462192780486,6.329157648383598,3.818882144170151,4.949028825759887,2.8879361721480175
functional_similarity_adjacency,GCN-Proposed,51.246830749511716,53.02523848571074,6.313845376350514,3.7719668796678474,4.946959924697876,2.8554491521434735
