noniid_level,graph_type,method,mse_mean,mse_std,rmse_mean,rmse_std,mae_mean,mae_std
high,fixed_adjacency,GCN-FedAvg,254.13591715494792,168.60306753987314,15.155041394714301,5.11935795494247,11.10525827407837,4.0266825660445384
high,fixed_adjacency,GCN-Proposed,253.3625160217285,168.0174874004317,15.13968442065351,5.087007785745177,11.078072388966879,3.998976801927352
high,fixed_adjacency,Independent,328.7339584350586,187.0003871040125,17.48288103548729,4.973087837916508,13.199909845987955,3.9302989878108927
low,fixed_adjacency,GCN-FedAvg,8.608972454071045,1.9907117807212602,2.915791655480997,0.3387974677840563,2.340470472971598,0.2958239074553537
low,fixed_adjacency,GCN-Proposed,8.59002326329549,1.9984145556006498,2.9123654582693645,0.3404052743867531,2.3375928958257037,0.29802426346981353
low,fixed_adjacency,Independent,13.24184726079305,3.451903542724429,3.6087450477087257,0.4841853704538856,2.945984697341919,0.4122658344549612
medium,fixed_adjacency,GCN-FedAvg,69.40128087997437,91.35464935241896,7.064052330380984,4.570922721040971,5.432020735740662,3.47788601023259
medium,fixed_adjacency,GCN-Proposed,67.83471749623617,88.42398101723008,7.0078054720770995,4.479163660984972,5.397032229105632,3.41077152163001
medium,fixed_adjacency,Independent,99.30916763941447,116.04559430877624,8.549963421772249,5.298985057042025,6.899952427546183,4.422494863621613
