method,period,mse_mean,mse_std,rmse_mean,rmse_std,mae_mean,mae_std,total_samples
GCN-FedAvg,incident_period,121.45895646077891,,11.020841912520972,,8.520790922875499,,51
GCN-FedAvg,off_peak,49.83321522296639,46.165634467879954,6.387669233817463,3.3598543462306942,4.995848081002734,2.5497366575992113,524
GCN-Proposed,incident_period,119.73752249163739,,10.942464187359143,,8.410204831291647,,51
GCN-Proposed,off_peak,47.71707810316922,44.720478514363656,6.225148403688605,3.3475000849929852,4.8344622484567505,2.5275877968843052,524
Independent,incident_period,95.30224314857932,,9.762286778648706,,6.825720431757908,,51
Independent,off_peak,56.07543625235452,57.14763362283985,6.605079575897742,3.9446736316856765,5.130283952719202,3.191707396665841,524
