graph_type,method,mse_mean,mse_std,rmse_mean,rmse_std,mae_mean,mae_std
congestion_delay_adjacency,GCN-FedAvg,50.730333137512204,52.271809106275896,6.292447381607353,3.730857657297948,4.8955916404724125,2.79831840128643
congestion_delay_adjacency,GCN-Proposed,50.444312763214114,51.813708763043756,6.274827678755058,3.7200219026814065,4.892254495620728,2.7915989502838943
fixed_adjacency,GCN-FedAvg,51.948525714874265,53.83187691990878,6.356616754414173,3.798346540334243,4.953552627563477,2.852393951019573
fixed_adjacency,GCN-Proposed,51.76510972976685,53.27003168026238,6.353652017467569,3.7742906238618437,4.965481376647949,2.8462447485203324
functional_similarity_adjacency,GCN-FedAvg,51.725325202941896,54.15462192780486,6.329157648383598,3.818882144170151,4.949028825759887,2.8879361721480175
functional_similarity_adjacency,GCN-Proposed,51.246830749511716,53.02523848571074,6.313845376350514,3.7719668796678474,4.946959924697876,2.8554491521434735
