method,graph_type,aggregation_method,mse_mean,mse_std,rmse_mean,rmse_std,mae_mean,mae_std,mape_mean,mape_std
GCN-FedAvg,fixed_adjacency,fedavg,62.415713946024574,69.96935129055123,6.87014666158803,4.0377856547726685,5.330360452334086,3.197829972605099,46.281331864496075,112.77315333463885
GCN-Proposed,fixed_adjacency,proposed,61.710485967000324,69.07336554292115,6.841706990301783,3.9957385459640506,5.319994258880615,3.175096174061206,46.36246778070927,113.69909518468253
Independent,fixed_adjacency,none,94.4493124961853,114.49110398892581,8.317634979796848,5.202979315365364,6.534649928410848,4.256248512332044,22.438368846972782,32.02971470665963
