Client,Method,MSE,RMSE,MAE
Client 0,GCN-FedAvg,0.021774423866664554,0.1475615934674892,0.10471905823214911
Client 1,GCN-FedAvg,0.0060059295382262345,0.07749793247710698,0.056783951818943024
Client 2,GCN-FedAvg,0.021035433493311346,0.14503597310085298,0.11071621999144554
Client 0,Independent,0.07081568323315565,0.2661121628809094,0.22768524027778766
Client 1,Independent,0.013796163094406927,0.1174570691546785,0.10825322195887566
Client 2,Independent,0.026756084305742427,0.16357287154581113,0.12417496119936307
