Model,rmse_mean,rmse_std,mae_mean,mae_std,mse_mean,mse_std
GCN-Attention,0.221319697046977,0.11877151896214531,0.19350413233041763,0.11708306934094709,0.06308908201754093,0.06242279794321301
GCN-LSTM,0.21047356582340804,0.08846437616423078,0.18898938099543253,0.09004482609324922,0.052125067760547004,0.04235208614185887
GCN-LSTM-Attention,0.19402553813668152,0.1023622662377084,0.169880082209905,0.0982080143150468,0.04812394299854835,0.0448854682919362
LSTM-Attention,0.23184350819924104,0.09628526520571283,0.19923490285873413,0.09250059134356552,0.063022264589866,0.05060463644351701
