Model,rmse_mean,rmse_std,mae_mean,mae_std,mse_mean,mse_std
CCN-Attention,0.21215936738005525,0.11068453623873385,0.18590794006983438,0.11058299103845008,0.05726266372948885,0.05363963856510026
CCN-LSTM,0.22527186353570175,0.09631030197000778,0.20526994268099466,0.094083120683484,0.060023086766401924,0.049885406085496777
CCN-LSTM-Attention,0.21771008117635618,0.05873248750102955,0.19558428724606833,0.06091375310589686,0.05084718453387419,0.027148600377466595
LSTM-Attention,0.2328483385948985,0.09584668777285403,0.1999378651380539,0.09196390127405311,0.06340493634343147,0.05041311073244235
