Client,Method,MSE,RMSE,MAE
Client 0,CCN-FedAvg,0.013908977718463156,0.11793632908677104,0.08566310759051703
Client 1,CCN-FedAvg,0.013589183963247403,0.1165726552980904,0.09407024085521698
Client 2,CCN-FedAvg,0.02188337384874839,0.14793030064441967,0.11051313454906146
Client 0,Independent,0.013972287318924248,0.11820443020007435,0.09741871468140743
Client 1,Independent,0.03457605011649935,0.18594636354739327,0.15238839713856578
Client 2,Independent,0.017867611107869618,0.13366978382517725,0.11232651459674041
