method,mse,rmse,mae,mape,smape,r2
FedAvg,1212888068589.3557,949738.3360157193,944681.8014685026,99.99977065025507,199.99908261299024,-163.21427771734727
Independent,1212888279191.9963,949738.4096717896,944681.8738209155,99.99976172439075,199.9990469120884,-163.21429772903673
