cluster_id,client_id,region_count,estimated_samples,mean_silhouette,median_silhouette,negative_silhouette_ratio,feature_0_mean,feature_1_mean,feature_2_mean,feature_3_mean,feature_4_mean,feature_5_mean,feature_6_mean,feature_7_mean,feature_8_mean,feature_9_mean,feature_10_mean,feature_11_mean,feature_12_mean,feature_13_mean,feature_14_mean,feature_15_mean,feature_16_mean,feature_17_mean,feature_18_mean,feature_19_mean,feature_20_mean,feature_21_mean,feature_22_mean,feature_23_mean,feature_24_mean,feature_25_mean,feature_26_mean,feature_27_mean
0,0,885,5160435.0,0.9507998788852936,0.975632403077753,0.0,0.1822153780952197,0.16304784458123792,0.16684490000593136,0.02847841930898437,-0.14068884278863264,-0.1325779737533894,-0.18476523429553238,0.10977721045187837,0.17364046620626383,0.1242335441185405,0.1777460959399008,0.1590686698548221,0.16072902278329843,0.047310717875753576,-0.13388853151315128,-0.12414462103605403,-0.189548624767693,0.07624099685912311,0.1614357497386695,0.1008088624231145,-0.1531649432673431,-0.17982062250300102,-0.18505286584181746,-0.1502588821954884,-0.17541236500407356,-0.1537155105650547,-0.17184543075136877,-0.16839547625128368
1,1,43,250733.0,0.06599034129399851,0.11895707738006042,0.4418604651162791,-3.7502467352155686,-3.3557521501022216,-3.433900848959285,-0.5861256067081667,2.8955726946032536,2.7286396923662704,3.8027263337568864,-2.2593681686026126,-3.5737630835475196,-2.5568996870908918,-3.6582626722514466,-3.2738551818957573,-3.308027561935328,-0.973720588838184,2.755612799747415,2.5550695259746004,3.9011751841722853,-1.5691460981470684,-3.3225729888074973,-2.074787052196659,3.152348250967411,3.700959323608276,3.808646192325778,3.092537459139703,3.610231233223375,3.163679694187753,3.5368187491851475,3.4658138716833964
