variant,variant_label,mse,rmse,mae,mape,smape,r2
full,Full,95198949.79666191,9753.628157858733,9747.015061143255,100.00324763329206,200.0,-736.8896408165184
without_attention,Without Attention,95177698.3067541,9752.538700744659,9745.924807542136,99.99203803658021,199.968154687543,-736.724841317191
without_cnn,Without CNN / Spatial Encoder,95190012.28017776,9753.16998410595,9746.55657472355,99.99853379587266,199.99413526966165,-736.82033206437
without_lstm,Without LSTM,76245755.63202053,8728.96047704941,8722.653306143624,89.49052743683839,161.96187646894012,-589.9918099433678
