variant,variant_label,communication_round,train_loss,val_rmse,val_rmse_std,val_mae,test_rmse,test_rmse_std
full,Full,1,93457127.0,9817.228341245633,239.11371211099322,9816.404161248494,9753.628157858733,256.29583470509624
without_attention,Without Attention,1,93436385.0,9816.139162279433,239.11370235838785,9815.314890314032,9752.538700744659,256.29513696478625
without_cnn,Without CNN / Spatial Encoder,1,93447559.0,9816.769897920542,239.1137150166851,9815.945679334578,9753.16998410595,256.2958082226214
without_lstm,Without LSTM,1,81808951.0,8786.842748042869,214.9794688262582,8786.009250217014,8728.96047704941,225.84202914844536
