client_id,num_samples,num_nodes,seq_len,pred_len,train_size,val_size,test_size,mean_flow,std_flow,min_flow,max_flow
0,200,8,24,1,140,20,40,0.1669057309627533,0.17596079409122467,-0.3738771677017212,0.6742187142372131
1,200,8,24,1,140,20,40,0.18112532794475555,0.1915455162525177,-0.38536518812179565,0.6980364918708801
2,200,8,24,1,140,20,40,0.19195009768009186,0.20412284135818481,-0.42575424909591675,0.7564150094985962
3,200,8,24,1,140,20,40,0.1989196240901947,0.21487653255462646,-0.42573878169059753,0.7832040190696716
4,200,8,24,1,140,20,40,0.2024294137954712,0.22313931584358215,-0.43942487239837646,0.8504548072814941
