client_id,num_samples,mean_flow,std_flow,min_flow,max_flow
0,190,0.39932695031166077,0.17900167405605316,0.0,0.7606205940246582
1,210,0.4846128821372986,0.2188185602426529,0.0,0.9254964590072632
2,180,0.39961323142051697,0.1977045089006424,0.0,0.766707181930542
3,220,0.477990061044693,0.21246658265590668,0.0,1.000597596168518
4,200,0.45027339458465576,0.2204188108444214,0.0,0.9456994533538818
