client_id,num_samples,target_mean,target_std,target_min,target_max,flow_mean,flow_std,noise_std,scale,offset,peak_amp,phase_shift,local_trend
1,190,0.4028867185115814,0.17111004889011383,0.05537205561995506,0.6783450841903687,0.39932695031166077,0.17900167405605316,0.04,0.94,-0.018,0.93,-1,-0.003
2,210,0.4868326485157013,0.2082034945487976,0.043761759996414185,0.8297837376594543,0.4846128821372986,0.2188185602426529,0.059,1.06,0.016,1.09,0,0.003
3,180,0.3950052559375763,0.1885381042957306,0.0613667331635952,0.7086840271949768,0.39961323142051697,0.1977045089006424,0.049,0.93,-0.022,1.04,1,-0.002
4,220,0.47258827090263367,0.20114445686340332,0.026887670159339905,0.8199738264083862,0.477990061044693,0.21246658265590668,0.066,1.08,0.02,0.96,-1,0.004
5,200,0.44253548979759216,0.2109045386314392,0.04655731841921806,0.7816407084465027,0.45027339458465576,0.2204188108444214,0.064,1.0,0.004,1.11,1,0.001
