client_id,num_samples,mean_flow,std_flow,min_flow,max_flow
0,200,0.1900833696126938,0.13744595646858215,0.0,0.6742187142372131
1,200,0.20640508830547333,0.14967387914657593,0.0,0.6980364918708801
2,200,0.2184540331363678,0.16064129769802094,0.0,0.7564150094985962
3,200,0.22636531293392181,0.1705683469772339,0.0,0.7832040190696716
4,200,0.230411097407341,0.17870311439037323,0.0,0.8504548072814941
