client_id,num_samples,mean_flow,std_flow,min_flow,max_flow
0,200,0.3901236057281494,0.170627623796463,0.003528463887050748,0.7229496836662292
1,200,0.4211159646511078,0.1852136254310608,0.0,0.8115429282188416
2,200,0.44810059666633606,0.199698343873024,0.0,0.8875793218612671
3,200,0.48633137345314026,0.2143196314573288,0.016301903873682022,0.9475029706954956
4,200,0.5112306475639343,0.2201537787914276,0.010859176516532898,1.1596776247024536
