client_id,num_samples,target_mean,target_std,target_min,target_max,flow_mean,flow_std,noise_std,scale,offset,peak_amp,phase_shift,local_trend
0,200,0.3852347433567047,0.16555458307266235,0.08369728922843933,0.6419700384140015,0.3901236057281494,0.170627623796463,0.04,0.91,-0.028,0.89,-1,-0.008
1,200,0.4144226908683777,0.17862652242183685,0.07392092049121857,0.6768420934677124,0.4211159646511078,0.1852136254310608,0.048,0.96,-0.012,0.96,-1,-0.004
2,200,0.44355568289756775,0.18950456380844116,0.10607671737670898,0.7527461051940918,0.44810059666633606,0.199698343873024,0.055,1.02,0.0,1.03,0,0.0
3,200,0.4787062704563141,0.20105180144309998,0.14266833662986755,0.8556333780288696,0.48633137345314026,0.2143196314573288,0.064,1.08,0.018,1.09,1,0.004
4,200,0.5021999478340149,0.2089916616678238,0.1359437257051468,1.0091814994812012,0.5112306475639343,0.2201537787914276,0.075,1.12,0.032,1.13,2,0.008
