method,mse_mean,mse_std,rmse_mean,rmse_std,mape_mean,mae_mean,mape_std,mae_std
FedAvg,0.00016889622784219683,2.4897272680903538e-05,0.012957647442817688,0.0009977989270763177,1.070497315376997,0.01070497315376997,0.07122976012415767,0.0007122976012415768
Independent,0.00019325774919707329,4.918826456532598e-05,0.013789661787450313,0.001761526043149072,1.1200329661369324,0.011200329661369324,0.11893266437838473,0.0011893266437838473
