method,mse_mean,mse_std,rmse_mean,rmse_std,mae_mean,mae_std
FedAvg,0.0001659280911553651,2.6425098105695593e-05,0.012840328365564346,0.0010266710056917293,0.010596831142902375,0.0011024089734990646
Independent,0.00037440265878103675,2.000752344507041e-05,0.019342530891299246,0.0005188052397413524,0.015525990538299084,0.0006021176406591226
