method,mse_mean,mse_std,rmse_mean,rmse_std,mae_mean,mae_std,mape_mean,mape_std
FedAvg,0.00017487502365838735,3.558269555650128e-05,0.013157869196351282,0.0013484180044351472,0.010466643385589123,0.0011385334150197028,1.0466643385589123,0.11385334150197027
Independent,0.00024430112651316446,0.00016195709334840643,0.015001963146972828,0.0044770512349594236,0.012387909591197968,0.003902556753367046,1.2387909591197968,0.3902556753367046
