method,mse_mean,mse_std,rmse_mean,rmse_std,mae_mean,mae_std,mape_mean,mape_std
FedAvg,0.0037657349416986108,0.0022800231651002607,0.05887220272843617,0.017671737310855376,0.04735490679740906,0.014617236785333628,4.735207602381706,1.4616064127330453
Independent,0.009041765304282308,0.005077783090123894,0.09117404738762554,0.027557863125486356,0.07526731893420219,0.024957957603083197,7.52643708884716,2.49608943334358
