method,mse_mean,mse_std,rmse_mean,rmse_std,mae_mean,mae_std,mape_mean,mape_std
FedAvg,0.0031863814406096935,0.0007591178759125847,0.05606747793660409,0.006678585057707058,0.04598257675766945,0.0064110421581838216,4.598257675766945,0.6411042158183821
Independent,0.009678763700649143,0.005292597225340689,0.09502189700092822,0.026012873235231437,0.08098950698971748,0.024237571246342692,8.098950698971748,2.423757124634269
