method,mse_mean,mse_std,rmse_mean,rmse_std,mae_mean,mae_std,mape_mean,mape_std
FedAvg,0.0001980937086045742,3.621625053559071e-05,0.014027994952234793,0.0012791922376295588,0.011207202076911926,0.0011103811783913752,1.1207202076911926,0.11103811783913749
Independent,0.0002082751860143617,7.195582111943927e-05,0.014267436053377446,0.002427821677231218,0.012115946598351001,0.001935465374864456,1.2115946598351002,0.1935465374864456
