method,mse_mean,mse_std,rmse_mean,rmse_std,mae_mean,mae_std,mape_mean,mape_std
FedAvg,0.0030587719194591044,0.0016405179662198745,0.05326843322625196,0.015181057998629444,0.04378333680331707,0.013437684873328595,4.378333680331707,1.3437684873328595
Independent,0.008749752584844828,0.004482522699436497,0.09014571290122837,0.025484943070495415,0.07455206960439682,0.02183644316360463,7.455206960439682,2.1836443163604633
