{
  "client_0": {
    "federated": {
      "mse": 0.0487055703997612,
      "rmse": 0.22069338549163905,
      "mae": 0.1861700564622879
    },
    "independent": {
      "mse": 0.12992456555366516,
      "rmse": 0.3604505036113352,
      "mae": 0.2971038818359375
    }
  },
  "client_1": {
    "federated": {
      "mse": 0.013598145917057991,
      "rmse": 0.11661108831092347,
      "mae": 0.09436383843421936
    },
    "independent": {
      "mse": 0.026606623083353043,
      "rmse": 0.16311536740403415,
      "mae": 0.12059739232063293
    }
  },
  "client_2": {
    "federated": {
      "mse": 0.02131015807390213,
      "rmse": 0.1459799920328198,
      "mae": 0.09745326638221741
    },
    "independent": {
      "mse": 0.020417973399162292,
      "rmse": 0.1428914742003955,
      "mae": 0.11971894651651382
    }
  }
}