client,fed_mse,fed_rmse,fed_mae,weak_mse,weak_rmse,weak_mae
0,0.0487055703997612,0.22069338549163905,0.1861700564622879,0.12992456555366516,0.3604505036113352,0.2971038818359375
1,0.013598145917057991,0.11661108831092347,0.09436383843421936,0.026606623083353043,0.16311536740403415,0.12059739232063293
2,0.02131015807390213,0.1459799920328198,0.09745326638221741,0.020417973399162292,0.1428914742003955,0.11971894651651382
