method,communication_round,train_loss,val_rmse,val_rmse_std,val_mae,test_rmse,test_rmse_std
FedAvg,1,3749929847808.0,1942242.6891747266,17690.637810400105,1939903.5726494014,1934574.7237805822,18203.602439258248
