method,mse,rmse,mae,mape,smape,r2
FedAvg,3742910733032.4824,1934574.7237805822,1932202.3943599039,99.99993462481658,199.99973849943777,-423.4565499267003
Independent,3742911173049.149,1934574.8364575729,1932202.5070750597,99.99994041131971,199.9997616454229,-423.4566086642237
