mechanism,impute_method,missing_rate,MAE,RMSE,MAPE,masked_count,low_flow_MAE,low_flow_RMSE,low_flow_sMAPE,mid_flow_MAE,mid_flow_RMSE,mid_flow_sMAPE,high_flow_MAE,high_flow_RMSE,high_flow_sMAPE
mcar_point,forward_fill,0.05,92.16220538860752,207.8822067948233,7.045809945063429,1613992.0,58.83968647293803,142.51910588829708,6.802631912217119,101.2439090393862,209.88009343529652,5.7200515573370145,113.39575023605778,254.98113481860858,3.663397247429607
mcar_point,function_curve_fit,0.05,338.4061679718137,739.7444164320428,20.94459750901571,1613992.0,201.48908640591208,415.2367328539093,22.115946512186028,344.2284078791298,682.3011042263308,19.647588564668986,467.6200719128518,1015.3979054737051,16.56645060722961
mcar_point,geo_func_hybrid,0.05,229.8788925460313,445.5640565166704,15.315688408965974,1613992.0,140.15771966974597,274.0654521469925,15.290665842110396,239.94683756607063,426.9935726111583,12.23752634245616,306.2197429513567,586.1626480204908,9.398940001442345
mcar_point,geo_neighbor_fill,0.05,159.62055472775873,323.96563842462643,11.613809252382488,1613992.0,101.28449289351987,233.00807631624886,11.05753819191122,173.48338191142093,330.05234673126597,8.949845839607006,199.5063606064109,387.72460495450514,6.059341073449455
mcar_point,historical_linear_extrapolation,0.05,134.63885653682055,273.00983400500456,9.678113329315966,1613992.0,84.9021986456659,184.612327348281,9.574842006311995,148.22798909555,280.51454676144147,8.1177385640754,166.28649309920124,330.85902368911934,5.268318026146428
mcar_point,zero_fill,0.05,2410.5189693292446,2689.6614715861656,100.0,1613992.0,1312.44876236953,1348.642683570713,196.02549758689452,2251.9347596931048,2343.733678195257,199.49419893911946,3720.3696159950086,3869.4035111975177,199.89013734896466
