mechanism,impute_method,missing_rate,MAE,RMSE,MAPE,masked_count,low_flow_MAE,low_flow_RMSE,low_flow_sMAPE,mid_flow_MAE,mid_flow_RMSE,mid_flow_sMAPE,high_flow_MAE,high_flow_RMSE,high_flow_sMAPE
mcar_point,forward_fill,0.05,80.7448667186005,164.0671949586001,5.04225019514434,201749.0,54.2580611686022,124.06959611349048,6.134648370377629,88.27316821496784,171.19124715252252,4.690588744143087,97.2685551442863,187.87989033982484,2.975267061986702
mcar_point,function_curve_fit,0.05,142.33262474509593,251.46302926210635,9.476538503324107,201749.0,90.18256025749247,179.65629867715535,10.762054868451168,152.8059079304552,257.7832074017878,7.6228278810466295,180.7048986617024,300.06277353573756,5.289562086548624
mcar_point,geo_func_hybrid,0.05,130.3125465555387,245.1469582309092,8.56636290231174,201749.0,85.34949411445379,182.61530808925463,10.596875916151635,140.60431163275229,251.47143998541097,7.054655430759019,161.70260858997085,287.7046405517029,4.736220498924321
mcar_point,geo_neighbor_fill,0.05,138.59157284324988,274.30795980643137,8.687891338524812,201749.0,91.59316895063459,207.69680033092007,10.046935905717465,149.62507576312746,280.8890353942486,7.494720087159703,171.03224760231205,320.34417426315105,5.014784816744901
mcar_point,historical_linear_extrapolation,0.05,117.41300748919947,224.42803393855144,7.1365032733917415,201749.0,78.01879261831802,166.0051759965877,8.617695410974662,128.3834975855499,235.10208199155875,6.749046681847574,142.2929486178097,258.29587827254306,4.290493952398261
mcar_point,zero_fill,0.05,2426.6191508258075,2705.970735277646,100.0,201749.0,1315.0024993968236,1350.3377323985874,196.26328645936488,2273.2818795119297,2363.276892004563,199.6266950147715,3750.097654506413,3896.5372594965065,199.95353622515017
