method,cluster_id,cluster_name,cluster_name_source,node_count,mean_R2,mean_RMSE,mean_MAE,mean_flow,peak_slot,peak_time_label,peak_value,valley_slot,valley_value,peak_valley_diff,morning_peak,evening_peak,morning_evening_ratio,interpretation,interpretation_basis
M2_shape_normalized_weighted_curve,0,全天平稳型,manual_label_by_M2_shape,32749,0.8830015536057184,26.360678412454895,18.881090863225285,2434.8802847561974,85,21:15,1.015567539601901,17,0.9859440998838491,0.029623439718051925,0.9998647197682855,1.005777712515318,0.9941199861625205,全天流量波动较小，整体形态相对平稳，适合作为稳定型路口代表。,基于 M2 聚类中心曲线解释
M2_shape_normalized_weighted_curve,1,日间活跃型,manual_label_by_M2_shape,6743,0.948548590462547,71.61227089842771,53.734102464789515,2599.6783418568575,79,19:45,1.1310433896770131,21,0.7600264356682231,0.37101695400879,1.0854411110164326,1.1310433896770131,0.9596803811797314,白天时段流量更活跃，通常在工作时段形成更明显的平台或单峰。,基于 M2 聚类中心曲线解释
M2_shape_normalized_weighted_curve,2,强早晚峰型,manual_label_by_M2_shape,2539,0.9517338600732875,129.75136527977548,101.09523683497345,2040.390308294376,36,09:00,1.393681746744311,20,0.3943438943990912,0.9993378523452199,1.393681746744311,1.3651680958797279,1.0208858015835829,早晚高峰更突出，通勤特征明显，早峰与晚峰存在显著双峰结构。,基于 M2 聚类中心曲线解释
