{
  "per_rate_elapsed_seconds": {
    "0.05": 229.5708296000003,
    "0.10": 423.9516282000009,
    "0.20": 920.1842376999996,
    "0.30": 1635.3602093000006
  },
  "per_chunk_elapsed_seconds": {
    "snh_r05_mix_s42__chunk_000": 2.722196100000001,
    "snh_r05_mix_s42__chunk_001": 4.172943000000004,
    "snh_r05_mix_s42__chunk_002": 4.232068899999987,
    "snh_r05_mix_s42__chunk_003": 4.311371899999983,
    "snh_r05_mix_s42__chunk_004": 4.14634749999999,
    "snh_r05_mix_s42__chunk_005": 2.85642949999999,
    "snh_r05_mix_s42__chunk_006": 4.222446600000012,
    "snh_r05_mix_s42__chunk_007": 4.251835299999982,
    "snh_r05_mix_s42__chunk_008": 5.792812899999944,
    "snh_r05_mix_s42__chunk_009": 4.280508199999986,
    "snh_r05_mix_s42__chunk_010": 4.494787700000074,
    "snh_r05_mix_s42__chunk_011": 3.622388800000067,
    "snh_r05_mix_s42__chunk_012": 3.883868900000039,
    "snh_r05_mix_s42__chunk_013": 3.517861299999936,
    "snh_r05_mix_s42__chunk_014": 3.791668099999925,
    "snh_r05_mix_s42__chunk_015": 4.004822699999977,
    "snh_r05_mix_s42__chunk_016": 4.215838200000007,
    "snh_r05_mix_s42__chunk_017": 4.191345400000046,
    "snh_r05_mix_s42__chunk_018": 4.235547799999949,
    "snh_r05_mix_s42__chunk_019": 3.5986579000000347,
    "snh_r05_mix_s42__chunk_020": 3.7166391999999178,
    "snh_r05_mix_s42__chunk_021": 3.608907700000145,
    "snh_r05_mix_s42__chunk_022": 3.667880799999921,
    "snh_r05_mix_s42__chunk_023": 3.571977199999992,
    "snh_r05_mix_s42__chunk_024": 3.5874578999998903,
    "snh_r05_mix_s42__chunk_025": 3.5996143999998367,
    "snh_r05_mix_s42__chunk_026": 3.4992756000001464,
    "snh_r05_mix_s42__chunk_027": 3.773026399999935,
    "snh_r05_mix_s42__chunk_028": 4.007379700000001,
    "snh_r05_mix_s42__chunk_029": 4.000868599999876,
    "snh_r05_mix_s42__chunk_030": 3.876613200000065,
    "snh_r05_mix_s42__chunk_031": 3.5670505000000503,
    "snh_r05_mix_s42__chunk_032": 3.4006489000003057,
    "snh_r05_mix_s42__chunk_033": 3.3704811000002337,
    "snh_r05_mix_s42__chunk_034": 3.436184400000002,
    "snh_r05_mix_s42__chunk_035": 3.305587800000012,
    "snh_r05_mix_s42__chunk_036": 3.526893499999914,
    "snh_r05_mix_s42__chunk_037": 4.146397500000148,
    "snh_r05_mix_s42__chunk_038": 3.4319635000001654,
    "snh_r05_mix_s42__chunk_039": 3.0960230000000597,
    "snh_r05_mix_s42__chunk_040": 3.329146999999921,
    "snh_r05_mix_s42__chunk_041": 3.289289800000006,
    "snh_r05_mix_s42__chunk_042": 3.4545320000001998,
    "snh_r05_mix_s42__chunk_043": 3.2521271000000525,
    "snh_r05_mix_s42__chunk_044": 3.8537516000001233,
    "snh_r05_mix_s42__chunk_045": 3.856603800000357,
    "snh_r05_mix_s42__chunk_046": 3.590428999999858,
    "snh_r05_mix_s42__chunk_047": 3.754279899999801,
    "snh_r05_mix_s42__chunk_048": 3.877323100000012,
    "snh_r05_mix_s42__chunk_049": 3.784945399999742,
    "snh_r05_mix_s42__chunk_050": 3.720239700000093,
    "snh_r05_mix_s42__chunk_051": 3.525344099999984,
    "snh_r05_mix_s42__chunk_052": 3.8081217999997534,
    "snh_r05_mix_s42__chunk_053": 3.6562532000002648,
    "snh_r05_mix_s42__chunk_054": 3.929263799999717,
    "snh_r05_mix_s42__chunk_055": 3.3843410999998014,
    "snh_r05_mix_s42__chunk_056": 3.3674677999997584,
    "snh_r05_mix_s42__chunk_057": 3.5945142000000487,
    "snh_r05_mix_s42__chunk_058": 4.076361399999769,
    "snh_r05_mix_s42__chunk_059": 3.858634300000176,
    "snh_r05_mix_s42__chunk_060": 3.8712419000003138,
    "snh_r10_mix_s42__chunk_000": 6.052193199999998,
    "snh_r10_mix_s42__chunk_001": 7.8434217,
    "snh_r10_mix_s42__chunk_002": 7.62302720000001,
    "snh_r10_mix_s42__chunk_003": 8.92808260000001,
    "snh_r10_mix_s42__chunk_004": 7.38869840000001,
    "snh_r10_mix_s42__chunk_005": 5.360542500000008,
    "snh_r10_mix_s42__chunk_006": 7.7976191999999855,
    "snh_r10_mix_s42__chunk_007": 7.802175299999988,
    "snh_r10_mix_s42__chunk_008": 8.304972099999986,
    "snh_r10_mix_s42__chunk_009": 8.182858600000031,
    "snh_r10_mix_s42__chunk_010": 9.141887299999894,
    "snh_r10_mix_s42__chunk_011": 7.248411799999985,
    "snh_r10_mix_s42__chunk_012": 7.00990969999998,
    "snh_r10_mix_s42__chunk_013": 6.786853400000041,
    "snh_r10_mix_s42__chunk_014": 6.719151799999963,
    "snh_r10_mix_s42__chunk_015": 7.749671300000045,
    "snh_r10_mix_s42__chunk_016": 7.588150799999994,
    "snh_r10_mix_s42__chunk_017": 7.5654385000000275,
    "snh_r10_mix_s42__chunk_018": 7.813573200000064,
    "snh_r10_mix_s42__chunk_019": 6.831243500000028,
    "snh_r10_mix_s42__chunk_020": 6.890724399999954,
    "snh_r10_mix_s42__chunk_021": 6.808221999999887,
    "snh_r10_mix_s42__chunk_022": 6.952099500000031,
    "snh_r10_mix_s42__chunk_023": 6.494033899999977,
    "snh_r10_mix_s42__chunk_024": 7.001814200000126,
    "snh_r10_mix_s42__chunk_025": 6.6617731999999705,
    "snh_r10_mix_s42__chunk_026": 6.717208199999959,
    "snh_r10_mix_s42__chunk_027": 6.949797199999921,
    "snh_r10_mix_s42__chunk_028": 7.26407990000007,
    "snh_r10_mix_s42__chunk_029": 7.270894100000078,
    "snh_r10_mix_s42__chunk_030": 6.859611899999891,
    "snh_r10_mix_s42__chunk_031": 6.794647199999872,
    "snh_r10_mix_s42__chunk_032": 6.413690999999744,
    "snh_r10_mix_s42__chunk_033": 6.072677299999668,
    "snh_r10_mix_s42__chunk_034": 5.949941700000181,
    "snh_r10_mix_s42__chunk_035": 6.263273799999752,
    "snh_r10_mix_s42__chunk_036": 6.283927700000277,
    "snh_r10_mix_s42__chunk_037": 6.276471000000129,
    "snh_r10_mix_s42__chunk_038": 6.091591899999912,
    "snh_r10_mix_s42__chunk_039": 6.376848100000188,
    "snh_r10_mix_s42__chunk_040": 6.365698799999791,
    "snh_r10_mix_s42__chunk_041": 7.362788000000364,
    "snh_r10_mix_s42__chunk_042": 5.915713200000027,
    "snh_r10_mix_s42__chunk_043": 6.290614500000174,
    "snh_r10_mix_s42__chunk_044": 6.220863200000167,
    "snh_r10_mix_s42__chunk_045": 7.029320200000257,
    "snh_r10_mix_s42__chunk_046": 6.999926399999822,
    "snh_r10_mix_s42__chunk_047": 6.999789800000144,
    "snh_r10_mix_s42__chunk_048": 6.642264300000079,
    "snh_r10_mix_s42__chunk_049": 7.066787799999929,
    "snh_r10_mix_s42__chunk_050": 6.824129800000264,
    "snh_r10_mix_s42__chunk_051": 6.926937499999895,
    "snh_r10_mix_s42__chunk_052": 6.728952700000264,
    "snh_r10_mix_s42__chunk_053": 7.175100100000236,
    "snh_r10_mix_s42__chunk_054": 6.286470499999723,
    "snh_r10_mix_s42__chunk_055": 7.019202100000257,
    "snh_r10_mix_s42__chunk_056": 5.989961799999946,
    "snh_r10_mix_s42__chunk_057": 7.349271199999748,
    "snh_r10_mix_s42__chunk_058": 6.4505042999999205,
    "snh_r10_mix_s42__chunk_059": 7.129457200000161,
    "snh_r10_mix_s42__chunk_060": 7.046664500000134,
    "snh_r20_mix_s42__chunk_000": 12.961032500000002,
    "snh_r20_mix_s42__chunk_001": 17.240887299999997,
    "snh_r20_mix_s42__chunk_002": 16.71226039999999,
    "snh_r20_mix_s42__chunk_003": 19.05007180000001,
    "snh_r20_mix_s42__chunk_004": 15.856622700000004,
    "snh_r20_mix_s42__chunk_005": 16.42133110000003,
    "snh_r20_mix_s42__chunk_006": 17.23629580000005,
    "snh_r20_mix_s42__chunk_007": 17.51176479999998,
    "snh_r20_mix_s42__chunk_008": 17.67461830000002,
    "snh_r20_mix_s42__chunk_009": 17.06367750000004,
    "snh_r20_mix_s42__chunk_010": 19.63798429999997,
    "snh_r20_mix_s42__chunk_011": 15.56739189999996,
    "snh_r20_mix_s42__chunk_012": 15.234139200000072,
    "snh_r20_mix_s42__chunk_013": 14.792051499999957,
    "snh_r20_mix_s42__chunk_014": 14.818681099999935,
    "snh_r20_mix_s42__chunk_015": 16.835120399999937,
    "snh_r20_mix_s42__chunk_016": 17.176828299999897,
    "snh_r20_mix_s42__chunk_017": 17.00272790000008,
    "snh_r20_mix_s42__chunk_018": 16.955491100000017,
    "snh_r20_mix_s42__chunk_019": 14.626824500000112,
    "snh_r20_mix_s42__chunk_020": 14.765168500000073,
    "snh_r20_mix_s42__chunk_021": 15.100586399999884,
    "snh_r20_mix_s42__chunk_022": 14.71195949999992,
    "snh_r20_mix_s42__chunk_023": 15.113890099999937,