num_clients,experiment_name,method,mse_mean,mse_std,rmse_mean,rmse_std,mae_mean,mae_std,mape_mean,mape_std,source_seeds
3,cnn_enhanced_client_scale,FedAvg,46.13279406229655,40.833179146703266,6.171617676922196,3.0082254696453155,5.002264420191447,2.4440105359106417,6.352945955263244,2.3887473765276326,"42,2024,2025"
5,cnn_enhanced_client_scale,FedAvg,69.62363980611165,85.34592769587287,7.1846313752221675,4.392125072414697,5.725614802042643,3.7383777684185513,51.585887310405575,126.41060200833454,"42,2024,2025"
8,cnn_enhanced_client_scale,FedAvg,64.38136080900829,87.15407884180432,6.806724146084897,4.339889865336268,5.396493325630824,3.6678385583815447,37.48932139327129,115.27208193772107,"42,2024,2025"
