feature_set,experiment_name,method,mse_mean,mse_std,rmse_mean,rmse_std,mae_mean,mae_std,mape_mean,mape_std,source_seeds
flow_event,cnn_enhanced_feature_ablation,FedAvg,72.19175723393758,95.61468973301186,7.26752203739887,4.556182691432211,5.862561559677124,3.9123798530575997,57.315427251160145,145.48990946256504,"42,2024,2025"
flow_only,cnn_enhanced_feature_ablation,FedAvg,69.62363980611165,85.34592769587287,7.1846313752221675,4.392125072414697,5.725614802042643,3.7383777684185513,51.585887310405575,126.41060200833454,"42,2024,2025"
flow_region,cnn_enhanced_feature_ablation,FedAvg,72.20808544158936,90.46545985938972,7.303696095190615,4.49572520655774,5.88822161356608,3.839675113731511,59.39512779315313,153.09479553855888,"42,2024,2025"
flow_time,cnn_enhanced_feature_ablation,FedAvg,107.35476926167806,138.18429973337444,8.972612821368639,5.363266770304522,7.40265596707662,4.72096036005636,80.15328735113144,215.89714231843425,"42,2024,2025"
full,cnn_enhanced_feature_ablation,FedAvg,104.29300600687662,132.9050475985945,8.856124990559747,5.263966744201944,7.272947533925374,4.488687658778934,79.48192479709785,215.28765633072715,"42,2024,2025"
