missing_rate,mechanism,seed,impute_method,day_index,file_name,is_warmup,flow_group,count,sum_abs_error,sum_squared_error,sum_pct_error,count_pct,sum_smape
0.05,mcar_point,42,geo_func_hybrid,1,node_flow_chunk_001.parquet,True,all,201749.0,38720099.79735673,23647086395.01012,2751047.65673407,200356.0,2060372.345182496
0.05,mcar_point,42,geo_func_hybrid,1,node_flow_chunk_001.parquet,True,low_flow,60771.0,7445749.177717133,3682781640.951065,1168413.4457997745,59606.0,807739.1735722243
0.05,mcar_point,42,geo_func_hybrid,1,node_flow_chunk_001.parquet,True,mid_flow,80781.0,16801114.822935816,10145265479.481302,1134325.685736323,80586.0,828171.141295877
0.05,mcar_point,42,geo_func_hybrid,1,node_flow_chunk_001.parquet,True,high_flow,60197.0,14473235.796703782,9819039274.577755,448308.5251979722,60164.0,424462.0303143949
