method,mse,rmse,mae,mape,smape,r2
FedAvg,95198949.79666191,9753.628157858733,9747.015061143255,100.00324763329206,200.0,-736.8896408165184
Independent,95191974.39767396,9753.271465378428,9746.658114454709,99.99958680241826,199.99834722123012,-736.8356436844638
