Client,Method,MSE,RMSE,MAE
Client 0,GCN-FedAvg,0.017126809848572212,0.1308694381762687,0.11517209447920322
Client 1,GCN-FedAvg,0.009201819443482709,0.09592611450216625,0.08388108480721712
Client 2,GCN-FedAvg,0.015812900911934984,0.1257493575010822,0.10474899876862764
Client 0,Independent,0.18967460649289017,0.4355164824583453,0.3825222425162792
Client 1,Independent,0.06090831127860956,0.24679609251082069,0.1967842122539878
Client 2,Independent,0.028945163720731415,0.17013278261620074,0.14200632025798163
