Model,rmse_mean,rmse_std,mae_mean,mae_std,mse_mean,mse_std
GCN-Attention,0.2240266904981522,0.06553196652384793,0.2016412615776062,0.07398636083038186,0.05448239669203758,0.03213874215003261
GCN-LSTM,0.2019943136085317,0.0463515361226324,0.17619101206461588,0.05321497080365284,0.04295016763110956,0.020054189309091315
GCN-LSTM-Attention,0.20605569071955224,0.0985878729113901,0.18598678956429163,0.10148695907348573,0.05217851636310419,0.04748283412675756
LSTM-Attention,0.20242261226560296,0.08156622566525373,0.175448144475619,0.07420319068553052,0.04762796312570572,0.036996538999495135
