missing_rate,method,chunk_count,missing_count,valid_eval_count,fallback_count,abs_error_sum,sq_error_sum,ape_sum,ape_count,smape_sum,smape_count,true_min,true_max,mae,rmse,mape,smape,nrmse,exclude_warmup
0.05,correlation_topology_neighbor_fill,61,12306677,12306677,310944,576935188.5,176964264832.0,385781.32568359375,12234597,401240.4189453125,12295115,0.0,10472.572265625,46.87985136036316,119.91468942201745,0.031532001069066166,0.032634133063847916,0.011450356835027386,False
0.1,correlation_topology_neighbor_fill,61,24613354,24613354,900451,1198600313.0,378512615424.0,844698.9111328125,24467748,824147.630859375,24588373,0.0,10468.935546875,48.697154926549224,124.0094497158741,0.03452295287383263,0.03351777813275303,0.011845468831154586,False
0.2,correlation_topology_neighbor_fill,61,49226707,49226707,3446191,2649436760.0,931054981120.0,1827148.076171875,48937686,1756636.00390625,49170875,0.0,10477.7548828125,53.82112518718752,137.52677900396534,0.037336217249256023,0.035725132080855794,0.013125596136015888,False
0.3,correlation_topology_neighbor_fill,61,73840061,73840061,8771268,4454705616.0,1736247582720.0,3075438.8984375,73406012,2850323.9609375,73745524,0.0,10468.123046875,60.329116141981515,153.3415340395537,0.04189628089913807,0.03865080626367914,0.01464842678605407,False
