missing_rate,method,chunk_count,missing_count,valid_eval_count,fallback_count,abs_error_sum,sq_error_sum,ape_sum,ape_count,smape_sum,smape_count,true_min,true_max,mae,rmse,mape,smape,nrmse,exclude_warmup
0.05,correlation_topology_neighbor_fill,54,10894704,10894704,97807,491244315.5,132608757120.0,327651.56591796875,10833075,341227.7978515625,10885726,0.0,10472.572265625,45.09019386850712,110.32613007962095,0.030245481169286537,0.03134635189711393,0.01053476904062564,True
0.1,correlation_topology_neighbor_fill,54,21787929,21787929,444758,1028235703.0,294420862464.0,726632.5908203125,21663303,704419.822265625,21768480,0.0,10468.935546875,47.19290681551239,116.24554410068511,0.033542096088501026,0.032359623743395266,0.01110385517039358,True
0.2,correlation_topology_neighbor_fill,54,43575790,43575790,2369690,2273883964.0,726508612608.0,1525069.431640625,43328405,1500914.400390625,43531907,0.0,10477.7548828125,52.182277452686456,129.12125808088018,0.035197913046663615,0.034478489545395404,0.012323370753088347,True
0.3,correlation_topology_neighbor_fill,54,65367312,65367312,6799240,3823365072.0,1359157121024.0,2582706.59765625,64995485,2434791.03515625,65292226,0.0,10465.818359375,58.49047413789938,144.196433612199,0.03973670782910921,0.03729067278478528,0.013777845999307994,True
