feature_set,method,mse_mean,mse_std,rmse_mean,rmse_std,mae_mean,mae_std,mape_mean,mape_std
flow_event,Proposed,66.06565963745118,75.92292347934837,7.037911423758637,4.149982734499581,5.465847330093384,3.2475111701524813,37.731067433953285,81.84669602730973
flow_only,Proposed,68.12869884490966,79.97089982307155,7.102473135933662,4.291898156974845,5.492973713874817,3.379896969473079,38.2996908724308,84.62816451746082
flow_region,Proposed,66.70173315048218,77.83347089186677,7.035452290025677,4.233318269156429,5.448472023010254,3.293957795834891,37.35180810838938,81.06237366900051
flow_time,Proposed,90.40212924957275,103.13129765516899,8.332154505679934,4.674546607142138,6.737032356262207,4.029437614162489,52.566981971263885,126.71602375172192
full,Proposed,90.99051387786865,102.45466301817345,8.364450455972808,4.680019859226577,6.7608613014221195,3.949016101293948,50.556100964546204,115.3113643675191
