num_clients,method,mse_mean,mse_std,rmse_mean,rmse_std,mae_mean,mae_std,mape_mean,mape_std
3,Proposed,44.369785944620766,40.16778053437455,6.01807721786837,3.0284648111615526,4.8471982214185925,2.4469119185276855,6.125486497249868,2.404097674059299
5,Proposed,70.98067127863565,86.94458731093017,7.233681352267861,4.470681320618002,5.734299445152283,3.774469613263792,49.27863468726476,117.94495836318762
8,Proposed,63.05792440970739,84.59038203732955,6.7376327944650525,4.293035257857395,5.315857231616974,3.5997966165018114,36.27918688580394,110.73563206792116
