noniid_level,method,mse_mean,mse_std,rmse_mean,rmse_std,mae_mean,mae_std,mape_mean,mape_std
high,Proposed,235.60550079345703,139.23874820802473,14.729652723599346,4.4692798359970025,11.40230162938436,3.561900779418309,150.87452406684557,187.31589128753933
low,Proposed,9.986474672953287,2.4977148708128007,3.138110536961379,0.3855472883242716,2.5178606669108072,0.34316323526370157,3.3084353183706603,0.4718082782797449
medium,Proposed,70.98067127863565,86.94458731093017,7.233681352267861,4.470681320618002,5.734299445152283,3.774469613263792,49.27863468726476,117.94495836318762
