method,mse_mean,mse_std,rmse_mean,rmse_std,mae_mean,mae_std,mape_mean,mape_std
FedAvg,69.62363980611165,85.34592769587287,7.1846313752221675,4.392125072414697,5.725614802042643,3.7383777684185513,51.585887310405575,126.41060200833454
Independent,73.2112219174703,69.32505238194547,7.642008107380605,3.983573503983854,6.088807614644368,3.2434511538995783,47.655832742651306,118.69948558360721
Proposed,70.98067127863565,86.94458731093017,7.233681352267861,4.470681320618002,5.734299445152283,3.774469613263792,49.27863468726476,117.94495836318762
