feature_set,method,mse_mean,mse_std,rmse_mean,rmse_std,mae_mean,mae_std,mape_mean,mape_std
flow_event,Proposed,70.84653511047364,94.011194163807,7.177819776389925,4.550365570259868,5.743893400828044,3.8886522964638752,53.90776954591274,134.76996613988862
flow_only,Proposed,70.98067127863565,86.94458731093017,7.233681352267861,4.470681320618002,5.734299445152283,3.774469613263792,49.27863468726476,117.94495836318762
flow_region,Proposed,69.21835241317748,87.1942426915665,7.110902014799886,4.470549456773313,5.681763458251953,3.811099703584971,54.89812216411034,139.0804032535859
flow_time,Proposed,103.59869041442872,129.33404073740084,8.835630482023468,5.230097417786353,7.2839821974436445,4.586958284680861,75.68343880275886,199.58577861539828
full,Proposed,102.34655621846517,126.9476127587389,8.785126020359344,5.192864303012735,7.220177872975667,4.432455637493211,76.53020337224007,203.52641189299723
