method,mse_mean,mse_std,rmse_mean,rmse_std,mae_mean,mae_std,mape_mean,mape_std
Data-loss weighted,67.23624578475952,78.5022216097009,7.065424209490883,4.247061057942948,5.461132888793945,3.3389869059498816,38.3240801692009,84.9149595527427
FedAvg,68.2808847618103,81.05787435600013,7.1054992250686375,4.305128424860394,5.519366412162781,3.4110159543527883,39.17121307551861,87.74605633416306
Loss-weighted,65.8909701538086,77.9702463472602,6.984628865729136,4.221217458890455,5.368432974815368,3.280161909026535,37.602104902267456,83.93419843085984
Proposed,68.12869884490966,79.97089982307155,7.102473135933662,4.291898156974845,5.492973713874817,3.379896969473079,38.2996908724308,84.62816451746082
