method,mse_mean,mse_std,rmse_mean,rmse_std,mae_mean,mae_std,mape_mean,mape_std
FedAvg,68.2808847618103,81.05787435600013,7.1054992250686375,4.305128424860394,5.519366412162781,3.4110159543527883,39.17121307551861,87.74605633416306
Independent,71.78321866989135,66.18723771618731,7.561827058789447,3.9000521100753556,6.010881509780884,3.2323093328269894,44.67225902527571,124.91892884463186
Proposed,68.12869884490966,79.97089982307155,7.102473135933662,4.291898156974845,5.492973713874817,3.379896969473079,38.2996908724308,84.62816451746082
