method,mse_mean,mse_std,rmse_mean,rmse_std,mae_mean,mae_std,mape_mean,mape_std
Data-loss weighted,69.92165962855022,85.95234963843323,7.184050880757483,4.429334749861006,5.692959403991699,3.7419933117982196,49.54547395308813,119.01782933593945
FedAvg,69.62363980611165,85.34592769587287,7.1846313752221675,4.392125072414697,5.725614802042643,3.7383777684185513,51.585887310405575,126.41060200833454
Loss-weighted,65.31668910980224,79.4277247071479,6.9481904264472245,4.272754912686735,5.461623867352803,3.550996946460851,47.82074845085541,115.77684348285172
Proposed,70.98067127863565,86.94458731093017,7.233681352267861,4.470681320618002,5.734299445152283,3.774469613263792,49.27863468726476,117.94495836318762
