period,method,mse_mean,mse_std,rmse_mean,rmse_std,mae_mean,mae_std,mape_mean,mape_std
incident_period,FedAvg,220.39245096842447,34.21139862281038,14.815072321403653,1.165815002479297,11.958621660868326,1.7022980990791383,435.689902305603,266.02914201080154
incident_period,Independent,232.0245564778646,118.19486047634304,14.84010611713891,4.206389231262512,12.437115033467611,4.743668293352891,381.3418785730998,279.49796350486474
incident_period,Proposed,221.78658040364584,18.60710811310622,14.883618356599476,0.6298631026751154,11.864677429199219,1.3230146917870351,417.38050778706867,238.97899351664609
off_peak,FedAvg,75.88252245585123,116.16993291539619,7.268931062364584,4.96902875675661,5.916982873280843,4.574954455608204,9.248668141663074,9.207960843683887
off_peak,Independent,66.60429340998331,60.455892555988186,7.360505117219741,3.6489613731706476,5.736979262034098,2.8701588416171324,8.493062580625216,4.73543367738731
off_peak,Proposed,79.13010009129842,123.16836974833527,7.364753454746178,5.164145618946219,5.989966940879822,4.754364156712717,9.404473702112833,9.65417020947921
