noniid_level,method,mse_mean,mse_std,rmse_mean,rmse_std,mae_mean,mae_std,mape_mean,mape_std
high,Proposed,239.21192291259766,150.00311540630088,14.7559272197337,4.729620183671353,11.306944980621338,3.8393683136862875,143.96055793762207,199.92992942722643
low,Proposed,10.073246307373047,2.112926400776796,3.157514810850861,0.3281046051288651,2.5462228870391845,0.29069984387980086,3.3681663423776627,0.3997497593053978
medium,Proposed,68.12869884490966,79.97089982307155,7.102473135933662,4.291898156974845,5.492973713874817,3.379896969473079,38.2996908724308,84.62816451746082
