lambda_value,method,mse_mean,mse_std,rmse_mean,rmse_std,mae_mean,mae_std,mape_mean,mape_std
0.0,Data-loss weighted,65.8909701538086,77.9702463472602,6.984628865729136,4.221217458890455,5.368432974815368,3.280161909026535,37.602104902267456,83.93419843085984
0.25,Data-loss weighted,67.19628293991089,78.29516501093102,7.066935677675929,4.239534057965318,5.470534410476684,3.3695678906805457,39.036177314817905,87.9373025692496
0.5,Data-loss weighted,67.23624578475952,78.5022216097009,7.065424209490883,4.247061057942948,5.461132888793945,3.3389869059498816,38.3240801692009,84.9149595527427
0.75,Data-loss weighted,68.32290761947633,80.72230657852764,7.111074699915207,4.300620622812063,5.5127518320083615,3.401753238735513,38.87610111385584,86.55799562487212
1.0,Data-loss weighted,68.2808847618103,81.05787435600013,7.1054992250686375,4.305128424860394,5.519366412162781,3.4110159543527883,39.17121307551861,87.74605633416306
