noniid_level,method,mse_mean,mse_std,rmse_mean,rmse_std,mae_mean,mae_std,mape_mean,mape_std
high,FedAvg,232.09643147786457,137.7695492246293,14.616876345661009,4.445305393677408,11.276325861612955,3.5450078771741897,144.89059632023177,176.5767572853147
low,FedAvg,9.975573635101318,2.4729382114030383,3.136754612742816,0.3822080602115773,2.5167166868845623,0.34005077935457745,3.3065560708443322,0.4667583899290564
medium,FedAvg,69.62363980611165,85.34592769587287,7.1846313752221675,4.392125072414697,5.725614802042643,3.7383777684185513,51.585887310405575,126.41060200833454
