period,method,mse_mean,mse_std,rmse_mean,rmse_std,mae_mean,mae_std,mape_mean,mape_std
incident_period,FedAvg,237.6224151611328,34.76592340820406,15.380149604991384,1.1583464989027439,12.678946113586425,1.6882280931150668,440.0454008579254,325.1167286954914
incident_period,Independent,266.693310546875,130.94052417172406,15.877400344272937,4.27221676278203,13.244978713989259,4.735813348345402,480.2535140514374,543.9332076036181
incident_period,Proposed,235.28965454101564,22.757393753223624,15.32442964003259,0.7512579023762641,12.491961860656739,1.3746372020448816,429.37171816825867,311.0835002319528
off_peak,FedAvg,65.63434606552124,83.94745563656609,6.949740725800087,4.249442354307224,5.356147608757019,3.304385407326903,8.362295493483543,7.005049728616348
off_peak,Independent,59.50267484664917,47.976473441770295,7.040865384312262,3.2159902386749573,5.585216779708862,2.7629360904655003,8.372219286859035,4.511520078488561
off_peak,Proposed,65.781414604187,83.4639982391392,6.956341735378276,4.2562116695314405,5.3529577684402465,3.338228790777416,8.367969393730164,7.11116017524165
