num_clients,method,mse_mean,mse_std,rmse_mean,rmse_std,mae_mean,mae_std,mape_mean,mape_std
3,Proposed,41.627553653717044,38.35671825515281,5.780757848751354,2.965948236920069,4.550751654307048,2.3364831339081915,5.736395952602227,2.2876377350605765
5,Proposed,68.12869884490966,79.97089982307155,7.102473135933662,4.291898156974845,5.492973713874817,3.379896969473079,38.2996908724308,84.62816451746082
8,Proposed,59.47543487548828,75.7162907998856,6.617563655493827,4.010663496611474,5.136256098747253,3.199328185594035,26.730030132457614,70.94256876568288
