method,mse_mean,mse_std,rmse_mean,rmse_std,mae_mean,mae_std,mape_mean,mape_std
FedAvg,57.34768276214599,54.94183602510048,6.802430394798824,3.5078679004114157,5.320049929618835,2.733885550801006,26.272658333182335,43.3698271349025
Independent,67.20060086250305,54.74457281211627,7.491540494374609,3.5083110662236336,5.935164093971252,2.915229891888952,22.40262622013688,32.64238066781334
Proposed,59.45048627853394,59.91222504184816,6.880510974022509,3.6680383820374236,5.36640694141388,2.882996885779896,26.279482059180737,43.43286425760739
