lambda_value,method,mse_mean,mse_std,rmse_mean,rmse_std,mae_mean,mae_std,mape_mean,mape_std
0.0,Data-loss weighted,65.31668910980224,79.4277247071479,6.9481904264472245,4.272754912686735,5.461623867352803,3.550996946460851,47.82074845085541,115.77684348285172
0.25,Data-loss weighted,68.98727588653564,84.34035961126365,7.127413617739588,4.4143335132185255,5.634895960489909,3.7150384194683146,48.74648943543434,116.78350631587406
0.5,Data-loss weighted,69.92165962855022,85.95234963843323,7.184050880757483,4.429334749861006,5.692959403991699,3.7419933117982196,49.54547395308813,119.01782933593945
0.75,Data-loss weighted,70.45210609436035,86.74099382695468,7.212481036354199,4.443963408931196,5.725612266858419,3.759582915636409,49.85380937655767,120.11279733028408
1.0,Data-loss weighted,69.62363980611165,85.34592769587287,7.1846313752221675,4.392125072414697,5.725614802042643,3.7383777684185513,51.585887310405575,126.41060200833454
