experiment,method,seed,mse,rmse,mae,mape,r2,final_loss,best_loss,communication_rounds,convergence_round
cnn_fed_enhanced_main,FedAvg,42,63.93697967529297,7.0375811074697765,5.704802227020264,27.233392149209976,0.24179482324476015,,,5,5
cnn_fed_enhanced_main,Proposed,42,68.53563938140869,7.219045301068947,5.860460329055786,27.500658333301544,0.22149659908680203,,,5,5
cnn_fed_enhanced_main,Independent,42,57.682316303253174,6.9170138278633235,5.448991394042968,21.887592189013958,0.19296950516108885,,,0,10
cnn_fed_enhanced_main,FedAvg,2024,50.758385848999026,6.5672796821278725,4.935297632217408,25.311924517154694,0.30856403741830213,,,5,5
cnn_fed_enhanced_main,Proposed,2024,50.36533317565918,6.541976646976073,4.872353553771973,25.05830578505993,0.31387795062431895,,,5,5
cnn_fed_enhanced_main,Independent,2024,76.71888542175293,8.066067160885897,6.4213367938995365,22.917660251259804,0.03158510724203969,,,0,10
