mechanism,impute_method,missing_rate,MAE,RMSE,MAPE,masked_count,low_flow_MAE,low_flow_RMSE,low_flow_sMAPE,mid_flow_MAE,mid_flow_RMSE,mid_flow_sMAPE,high_flow_MAE,high_flow_RMSE,high_flow_sMAPE
mcar_point,forward_fill,0.05,87.60964688167749,182.37613959783565,6.000245277845601,10894446.0,54.1792857744117,125.00374639825802,5.978320652792307,96.77411161365494,191.69646623248073,5.218260871668145,108.82434852433933,215.0554359718289,3.366393134989871
mcar_point,function_curve_fit,0.05,146.02911281096033,274.52791684638913,11.124465768584649,10894446.0,86.61509267839776,179.9809787525954,9.805506715659638,160.91692627212745,286.5566071962487,8.036303744323295,185.59852719763023,330.6683688646424,5.526681382386465
mcar_point,geo_func_hybrid,0.05,133.47021481634104,259.15588714483135,10.310535347761387,10894446.0,80.89675505995247,174.10422710312065,9.573421373834417,146.54578757163344,269.26145041492316,7.378807432016336,168.61467615793816,311.2766748151247,5.020738594167775
mcar_point,geo_neighbor_fill,0.05,136.22288496957043,274.6254366102267,10.197408875211277,10894446.0,83.23254425154984,187.37513707337828,8.956483918725182,148.4941816163763,283.70404391313593,7.478503546445281,172.85622484596294,330.10909153819136,5.129682819477633
mcar_point,historical_linear_extrapolation,0.05,131.56707702045622,256.98809972888034,8.774543985650613,10894446.0,79.52742687287095,167.55638414146088,8.58329059090991,145.29462588690225,269.5681902393779,7.64888012221262,165.3087307267209,308.5139597378583,5.073650773261782
mcar_point,zero_fill,0.05,2439.8076396791876,2718.800330185001,100.0,10894446.0,1322.4486567428016,1352.691140766378,196.85224468618202,2291.2279023562405,2380.6362897455647,199.57786606152845,3755.1882491337806,3905.42843074452,199.9169112268657
