mechanism,impute_method,missing_rate,MAE,RMSE,MAPE,masked_count,low_flow_MAE,low_flow_RMSE,low_flow_sMAPE,mid_flow_MAE,mid_flow_RMSE,mid_flow_sMAPE,high_flow_MAE,high_flow_RMSE,high_flow_sMAPE
mcar_point,forward_fill,0.05,88.31924111476793,186.2000990765175,6.152889101378177,12306689.0,54.38360915303561,126.48108505422518,6.034561792574605,97.57060327236435,194.66222936561593,5.315508735625284,109.93012523327516,221.4741390031627,3.430514494094689
mcar_point,function_curve_fit,0.05,171.31948870198806,370.73878221571704,12.437704444638246,12306689.0,100.58812293041639,221.91075889954655,11.312691667167293,185.3291621216638,364.4581859085331,9.608626729197033,223.3895557835783,481.47192423070095,7.0127257600648
mcar_point,geo_func_hybrid,0.05,146.1657408835267,290.6989142638593,10.994686081133672,12306689.0,87.71209219418823,187.41375519545895,10.218911648350854,159.0503655395151,295.23644506144,8.06187669022371,187.45583142995253,361.0415621697117,5.632716746638758
mcar_point,geo_neighbor_fill,0.05,139.2526008743545,281.5943503073797,10.407660938826364,12306689.0,84.61044762062697,191.0491939821773,9.127487646990033,151.84458249668646,290.2849142119835,7.709463299933029,177.12070174816517,339.8133877151395,5.288865639421182
mcar_point,historical_linear_extrapolation,0.05,132.20196727721313,259.6410737231931,8.919731304674238,12306689.0,79.65727308057149,168.42649868715932,8.642944739333766,146.05431489362383,271.75812740578607,7.756466002304847,166.2926645578297,312.86324534458004,5.139838564700512
mcar_point,zero_fill,0.05,2436.182707319414,2715.2067691274924,100.0,12306689.0,1321.65841862537,1352.1637479539293,196.78369698840527,2286.7650156200057,2376.6628719252894,199.54737292800783,3749.9787122601633,3900.5617271444435,199.9078692946395
