variant,variant_label,mse,rmse,mae,mape,smape,r2
full,Full,1212888068589.3557,949738.3360157193,944681.8014685026,99.99977065025507,199.99908261299024,-163.21427771734727
without_attention,Without Attention,1212887476626.6917,949738.0304343798,944681.4895435978,99.99964084530815,199.9985634119565,-163.21419272704054
without_cnn,Without CNN / Spatial Encoder,1212888303336.4695,949738.4590602522,944681.9257795991,99.99981686224207,199.9992674571121,-163.21431191864815
without_lstm,Without LSTM,472500713002.15936,592845.7992506465,589189.8025995096,62.69594159795852,91.48909827785705,-62.998516979409594
