missing_rate,mechanism,seed,impute_method,day_index,file_name,is_warmup,flow_group,count,sum_abs_error,sum_squared_error,sum_pct_error,count_pct,sum_smape
0.05,mcar_point,42,forward_fill,1,node_flow_chunk_001.parquet,True,all,201749.0,17032090.941869624,6016374738.85223,1159636.0366346638,200356.0,994578.3758620741
0.05,mcar_point,42,forward_fill,1,node_flow_chunk_001.parquet,True,low_flow,60771.0,3313492.5428470434,946737178.1601784,490721.7276334241,59606.0,376693.1256673018
0.05,mcar_point,42,forward_fill,1,node_flow_chunk_001.parquet,True,mid_flow,80781.0,7613368.706231594,2709700676.012357,476859.06745562603,80586.0,428524.75162929547
0.05,mcar_point,42,forward_fill,1,node_flow_chunk_001.parquet,True,high_flow,60197.0,6105229.692790985,2359936884.679696,192055.24154561362,60164.0,189360.49856547703
