missing_rate,mechanism,seed,impute_method,day_index,file_name,is_warmup,flow_group,count,sum_abs_error,sum_squared_error,sum_pct_error,count_pct,sum_smape
0.05,mcar_point,42,forward_fill,2,node_flow_chunk_002.parquet,True,all,201749.0,18128816.8059906,6746146965.160448,1321522.3268194753,200204.0,1085276.2356323528
0.05,mcar_point,42,forward_fill,2,node_flow_chunk_002.parquet,True,low_flow,60581.0,3455249.7046417235,1064677879.1161569,558691.774914189,59305.0,411056.9225789354
0.05,mcar_point,42,forward_fill,2,node_flow_chunk_002.parquet,True,mid_flow,80607.0,8066561.095614433,3003109623.6794105,548885.0996425848,80377.0,464717.11621541006
0.05,mcar_point,42,forward_fill,2,node_flow_chunk_002.parquet,True,high_flow,60561.0,6607006.005734444,2678359462.3648815,213945.4522627017,60522.0,209502.19683800737
