graph_type,num_nodes,mean_weight,max_weight,density
fixed,8,0.21875,1.0,0.21875
dynamic_morning_peak,8,0.8268870115280151,0.971345841884613,0.875
dynamic_evening_peak,8,0.7856472134590149,0.931213915348053,0.875
dynamic_offpeak,8,0.8313988447189331,0.9601857662200928,0.875
functional_similarity,8,0.8317205309867859,0.9602571129798889,0.875
congestion_delay,8,0.0,0.0,0.0
congestion_strength,8,0.8317205309867859,0.9602571129798889,0.875
