client_id,num_samples,mean_flow,std_flow,min_flow,max_flow,incident_ratio
0,600,103.57764434814453,8.150777816772461,90.47323608398438,127.38603973388672,0.0
1,500,87.13937377929688,10.677233695983887,71.08173370361328,117.61783599853516,0.0
2,700,122.76331329345703,7.646039962768555,104.6375732421875,148.97998046875,0.0
3,550,92.66105651855469,10.815292358398438,75.8780517578125,127.2706069946289,0.0
4,450,48.81549835205078,24.672239303588867,0.0,89.6123046875,0.5245283018867924
