graph_type,method,mse_mean,mse_std,rmse_mean,rmse_std,mae_mean,mae_std,mape_mean,mape_std
Dynamic-Evening,FedAvg,49.17519874572754,50.51434504213637,6.191234264753928,3.6816804968425147,4.807141494750977,2.766001799470458,23.792177513241768,41.928186072537756
Dynamic-Evening,Proposed,48.77332363128662,50.00198380122264,6.15934893825418,3.680309818499274,4.754025793075561,2.7364007926552634,23.275645151734352,40.874545578737475
Dynamic-Morning,FedAvg,49.163087368011475,50.49405479511395,6.190675398514658,3.6807990773466672,4.806932258605957,2.765532866674879,23.791522458195686,41.92609418806879
Dynamic-Morning,Proposed,48.761342430114745,49.98427200350535,6.158734931596166,3.6795594968100294,4.753760194778442,2.7360651320203426,23.27523797750473,40.87317107045428
Dynamic-Offpeak,FedAvg,49.164824676513675,50.500218402607544,6.1906389918735965,3.6811705931686887,4.806736421585083,2.7656181194438645,23.792211338877678,41.92875136987652
Dynamic-Offpeak,Proposed,48.763018417358396,49.98885060910084,6.158743410867097,3.679826425332367,4.753610992431641,2.736034189472449,23.27586505562067,40.875334237758224
Fixed,FedAvg,49.69983587265015,51.3239351693351,6.216315889012504,3.7177366502787725,4.829520320892334,2.79492999693598,23.820448741316795,41.96163123736776
Fixed,Proposed,49.19709978103638,50.66834434010609,6.178949250170043,3.711079011699199,4.771696710586548,2.7593779532168123,23.297962695360184,40.903650309518234
