graph_type,method,mse_mean,mse_std,rmse_mean,rmse_std,mae_mean,mae_std,mape_mean,mape_std
Congestion delay,FedAvg,49.16504220962524,50.50021120826269,6.190661349814468,3.6811605271874765,4.806765699386597,2.7656239320816263,23.79213735461235,41.92848710985056
Congestion delay,Proposed,48.76328887939453,49.98899129280832,6.158766203552617,3.6798246781220114,4.753639507293701,2.7360483810885046,23.275800794363022,40.875114585481676
Functional similarity,FedAvg,49.16504220962524,50.50021120826269,6.190661349814468,3.6811605271874765,4.806765699386597,2.7656239320816263,23.79213735461235,41.92848710985056
Functional similarity,Proposed,48.76328887939453,49.98899129280832,6.158766203552617,3.6798246781220114,4.753639507293701,2.7360483810885046,23.275800794363022,40.875114585481676
