lambda_value,method,mse_mean,mse_std,rmse_mean,rmse_std,mae_mean,mae_std,mape_mean,mape_std
0.0,Data-loss weighted,49.452395057678224,50.867746301623875,6.186650493666723,3.737939058975466,4.716337108612061,2.709757431861713,22.415160350501537,39.060975885103836
0.25,Data-loss weighted,49.338728523254396,50.90154356373447,6.177418917682388,3.7380181979750553,4.73532886505127,2.741812760686242,22.825215570628643,39.95742924860262
0.5,Data-loss weighted,49.30689496994019,50.946003572593916,6.177204012079642,3.7331363427899595,4.758636617660523,2.7643028297238774,23.17907325923443,40.70185263097176
0.75,Data-loss weighted,49.434203910827634,51.09841534939616,6.1905524434507955,3.7268056623120684,4.789291000366211,2.7817343278961637,23.496974743902683,41.34147254159783
1.0,Data-loss weighted,49.69983587265015,51.3239351693351,6.216315889012504,3.7177366502787725,4.829520320892334,2.79492999693598,23.820448741316795,41.96163123736776
