method,mse_mean,mse_std,rmse_mean,rmse_std,mae_mean,mae_std,mape_mean,mape_std
Data-loss weighted,53.59013942718506,51.40059238938917,6.497785892302495,3.4413112091934592,4.879884839057922,2.54767584178519,35.44102580100298,78.21246223598507
FedAvg,55.30866315841675,54.012427510620235,6.597294760435696,3.50362386833625,4.986026754379273,2.620304883342155,37.81119505316019,84.6697817399843
Loss-weighted,52.51664787292481,49.60580994400308,6.438750107389632,3.394104098702325,4.811399149894714,2.4875111405198536,33.66328477859497,73.66770926656928
Proposed,53.87238548278808,51.77125181200318,6.516753191734057,3.44666404549567,4.900838880538941,2.555505973253765,36.06529534608126,79.95573578678231
