method,mse_mean,mse_std,rmse_mean,rmse_std,mae_mean,mae_std,mape_mean,mape_std
FedAvg,49.69983587265015,51.3239351693351,6.216315889012504,3.7177366502787725,4.829520320892334,2.79492999693598,23.820448741316795,41.96163123736776
Independent,70.16030941009521,63.17992681313934,7.599291703340356,3.9387617054154305,6.006402921676636,3.19991467908701,16.139879152178764,20.761446873730844
Proposed,49.19709978103638,50.66834434010609,6.178949250170043,3.711079011699199,4.771696710586548,2.7593779532168123,23.297962695360184,40.903650309518234
