method,mse_mean,mse_std,rmse_mean,rmse_std,mae_mean,mae_std,mape_mean,mape_std
Data-loss weighted,49.30689496994019,50.946003572593916,6.177204012079642,3.7331363427899595,4.758636617660523,2.7643028297238774,23.17907325923443,40.70185263097176
FedAvg,49.69983587265015,51.3239351693351,6.216315889012504,3.7177366502787725,4.829520320892334,2.79492999693598,23.820448741316795,41.96163123736776
Loss-weighted,49.452395057678224,50.867746301623875,6.186650493666723,3.737939058975466,4.716337108612061,2.709757431861713,22.415160350501537,39.060975885103836
Proposed,49.19709978103638,50.66834434010609,6.178949250170043,3.711079011699199,4.771696710586548,2.7593779532168123,23.297962695360184,40.903650309518234
