method,mse_mean,mse_std,rmse_mean,rmse_std,mae_mean,mae_std,mape_mean,mape_std
FedAvg,55.30866315841675,54.012427510620235,6.597294760435696,3.50362386833625,4.986026754379273,2.620304883342155,37.81119505316019,84.6697817399843
Independent,67.26934299468994,52.57763683629577,7.550705164216283,3.268567875386377,5.866953248977661,2.5283494746040316,30.236693024635315,62.07047512319029
Proposed,53.87238548278808,51.77125181200318,6.516753191734057,3.44666404549567,4.900838880538941,2.555505973253765,36.06529534608126,79.95573578678231
