method,mse_mean,mse_std,rmse_mean,rmse_std,mae_mean,mae_std,mape_mean,mape_std
FedAvg,48.62888836860657,42.105106312640736,6.318049719802914,3.1111155746067976,4.767954039573669,2.2542002639045613,24.23304606229067,39.829409066540265
Independent,68.84720964431763,52.38496512317362,7.6804034379802575,3.309684891711106,6.124233102798462,2.677035991507342,19.730736948549747,27.412449385843964
Proposed,47.603183794021604,41.149694591186595,6.2469474751782785,3.0873993076491746,4.684684157371521,2.227297779240687,23.32828290760517,38.08341146023233
