round,method,avg_train_loss,avg_val_loss,avg_val_rmse,avg_val_mae,avg_val_mape
1,FedAvg,0.5041626871281341,0.8166606739901257,9.253154013832988,7.095983505249023,12.30084203183651
2,FedAvg,0.4344854724222859,0.7034286012602208,8.563295797034668,6.340235996246338,10.8933424949646
3,FedAvg,0.40508212286705503,0.6453144456683395,8.256823830449713,6.022523307800293,10.246693417429924
4,FedAvg,0.3939637268571446,0.6201861747950135,8.163700887103682,5.845817279815674,9.906711652874947
1,Proposed,0.5041626871281341,0.802672405678085,9.171119002243916,7.014297103881836,12.049745544791222
2,Proposed,0.43277979509980913,0.6721015812487422,8.379605135886312,6.12052640914917,10.484988689422607
3,Proposed,0.40234019281277905,0.6300056063571343,8.143546913389224,5.927792930603028,10.095798000693321
4,Proposed,0.39367187037801815,0.6032870474728534,8.024576769546709,5.738732242584229,9.74921353161335
