lambda_value,method,mse_mean,mse_std,rmse_mean,rmse_std,mae_mean,mae_std,mape_mean,mape_std
0.0,Data-loss weighted,52.51664787292481,49.60580994400308,6.438750107389632,3.394104098702325,4.811399149894714,2.4875111405198536,33.66328477859497,73.66770926656928
0.25,Data-loss weighted,52.98221069335938,50.398192692654945,6.46415136486498,3.4151863396992437,4.84224395275116,2.5170953635582993,34.52207903563976,75.86024535416824
0.5,Data-loss weighted,53.59013942718506,51.40059238938917,6.497785892302495,3.4413112091934592,4.879884839057922,2.54767584178519,35.44102580100298,78.21246223598507
0.75,Data-loss weighted,54.366155796051025,52.60902523867439,6.542152348627573,3.4710706866718617,4.926851711273193,2.581042865457206,36.55245354771614,81.21222027378987
1.0,Data-loss weighted,55.30866315841675,54.012427510620235,6.597294760435696,3.50362386833625,4.986026754379273,2.620304883342155,37.81119505316019,84.6697817399843
