experiment,method,seed,mse,rmse,mae,mape,r2,final_loss,best_loss,communication_rounds,convergence_round
gcn_fed_enhanced_main,FedAvg,42,49.69983587265015,6.216315889012504,4.829520320892334,23.820448741316795,0.40093062130079105,,,4,4
gcn_fed_enhanced_main,Proposed,42,49.19709978103638,6.178949250170043,4.771696710586548,23.297962695360184,0.4109782619204407,,,4,4
gcn_fed_enhanced_main,Independent,42,70.16030941009521,7.599291703340356,6.006402921676636,16.139879152178764,0.08585762685908535,,,0,4
gcn_fed_enhanced_main,FedAvg,2024,47.55794086456299,6.4197835505933245,4.706387758255005,24.64564338326454,0.3170212472667557,,,4,4
gcn_fed_enhanced_main,Proposed,2024,46.009267807006836,6.314945700186514,4.597671604156494,23.35860311985016,0.3442395245543571,,,4,4
gcn_fed_enhanced_main,Independent,2024,67.53410987854004,7.761515172620157,6.242063283920288,23.32159474492073,-0.07352400077906451,,,0,4
