missing_rate,mechanism,seed,impute_method,day_index,file_name,is_warmup,flow_group,count,sum_abs_error,sum_squared_error,sum_pct_error,count_pct,sum_smape
0.05,mcar_point,42,forward_fill,21,node_flow_chunk_021.parquet,False,all,201749.0,17141749.914953634,6083552440.42482,1224392.566719399,200668.0,949469.1247507216
0.05,mcar_point,42,forward_fill,21,node_flow_chunk_021.parquet,False,low_flow,60426.0,3185932.297625726,844809626.9165936,552136.842402715,59550.0,349407.9561288682
0.05,mcar_point,42,forward_fill,21,node_flow_chunk_021.parquet,False,mid_flow,80384.0,7544330.62295866,2715296170.9764547,447278.14788067585,80204.0,405045.2199994631
0.05,mcar_point,42,forward_fill,21,node_flow_chunk_021.parquet,False,high_flow,60939.0,6411486.994369244,2523446642.531773,224977.57643600824,60914.0,195015.94862239007
