mechanism,impute_method,missing_rate,MAE,RMSE,MAPE,masked_count,low_flow_MAE,low_flow_RMSE,low_flow_sMAPE,mid_flow_MAE,mid_flow_RMSE,mid_flow_sMAPE,high_flow_MAE,high_flow_RMSE,high_flow_sMAPE
mcar_point,forward_fill,0.05,117.75250976973435,333.4268301246779,7.912390847569429,201749.0,70.27925213093218,194.37089972022798,8.1933331679494,126.23109127250353,310.59024168486206,7.7406735181671005,153.6997019806127,451.52670970963413,5.676578543537596
mcar_point,function_curve_fit,0.05,1460.0980594828823,1922.6434326250264,68.14580503007711,201749.0,808.3973250069246,987.4625037182977,87.55915991446416,1410.3326281172426,1732.2144147036756,90.48589913636887,2175.3663220682924,2708.3434483194937,86.33070662416974
mcar_point,geo_func_hybrid,0.05,732.6985708214404,993.6166143991018,35.36959767476991,201749.0,405.2276415477573,514.8093910071773,37.157011511456695,712.9684205842628,901.0378514166891,37.26537707772928,1085.0682638361736,1393.013365994949,34.643293408752044
mcar_point,geo_neighbor_fill,0.05,153.132914455189,379.4651925255615,9.837345109864613,201749.0,87.7258570087857,227.99061297315794,9.881698476941311,158.10510411339067,353.5791618531609,9.313036433458954,211.61565235403145,510.81643208902466,7.281842314065601
mcar_point,historical_linear_extrapolation,0.05,169.9606736861921,393.97480044952226,10.715746867623045,201749.0,98.41246441347147,228.92408792011943,10.874554503083885,184.66008255023112,380.64182025208305,10.668997849039387,221.57325188075424,520.9230514562457,7.710406057542024
mcar_point,zero_fill,0.05,2430.3959042797337,2711.925080839327,100.0,201749.0,1321.2314024682448,1352.065958671868,196.86292716088275,2276.381114550857,2370.771635534427,199.3420808548002,3740.276059801125,3895.0381573175027,199.83822242765407
