{
  "client_0": {
    "federated": {
      "mse": 0.04017089679837227,
      "rmse": 0.20042678662886423,
      "mae": 0.1569802314043045
    },
    "independent": {
      "mse": 0.08061812072992325,
      "rmse": 0.2839333033124562,
      "mae": 0.23881511390209198
    }
  },
  "client_1": {
    "federated": {
      "mse": 0.009169316850602627,
      "rmse": 0.09575654990966742,
      "mae": 0.08071790635585785
    },
    "independent": {
      "mse": 0.05970145761966705,
      "rmse": 0.2443388172592866,
      "mae": 0.2146402895450592
    }
  },
  "client_2": {
    "federated": {
      "mse": 0.0196152925491333,
      "rmse": 0.14005460559772143,
      "mae": 0.10060689598321915
    },
    "independent": {
      "mse": 0.020155319944024086,
      "rmse": 0.14196943313271376,
      "mae": 0.1150420606136322
    }
  }
}