client,fed_mse,fed_rmse,fed_mae,weak_mse,weak_rmse,weak_mae
0,0.04017089679837227,0.20042678662886423,0.1569802314043045,0.08061812072992325,0.2839333033124562,0.23881511390209198
1,0.009169316850602627,0.09575654990966742,0.08071790635585785,0.05970145761966705,0.2443388172592866,0.2146402895450592
2,0.0196152925491333,0.14005460559772143,0.10060689598321915,0.020155319944024086,0.14196943313271376,0.1150420606136322
