missing_rate,mechanism,seed,impute_method,day_index,file_name,is_warmup,flow_group,count,sum_abs_error,sum_squared_error,sum_pct_error,count_pct,sum_smape
0.05,mcar_point,42,geo_func_hybrid,59,node_flow_chunk_059.parquet,False,all,201749.0,33328351.10627569,18996806891.075787,2283666.7032770147,200571.0,1770147.1414796116
0.05,mcar_point,42,geo_func_hybrid,59,node_flow_chunk_059.parquet,False,low_flow,60544.0,5958064.838047741,2524026722.529623,950312.4550355694,59545.0,677282.8156440584
0.05,mcar_point,42,geo_func_hybrid,59,node_flow_chunk_059.parquet,False,mid_flow,80634.0,14928978.064412862,8576387880.39386,929549.4584394268,80471.0,730638.730965068
0.05,mcar_point,42,geo_func_hybrid,59,node_flow_chunk_059.parquet,False,high_flow,60571.0,12441308.203815086,7896392288.152307,403804.7898020186,60555.0,362225.5948704849
