missing_rate,mechanism,seed,impute_method,day_index,file_name,is_warmup,flow_group,count,sum_abs_error,sum_squared_error,sum_pct_error,count_pct,sum_smape
0.05,mcar_point,42,geo_func_hybrid,47,node_flow_chunk_047.parquet,False,all,201749.0,23913443.59141545,10949297691.576561,1579981.8230779178,200698.0,1315017.3031544192
0.05,mcar_point,42,geo_func_hybrid,47,node_flow_chunk_047.parquet,False,low_flow,60498.0,4479162.111800203,1646349538.2818494,659497.9205570351,59599.0,529536.3856613723
0.05,mcar_point,42,geo_func_hybrid,47,node_flow_chunk_047.parquet,False,mid_flow,80636.0,10493681.562848037,4798365173.674742,620875.5889621177,80506.0,521853.8099249379
0.05,mcar_point,42,geo_func_hybrid,47,node_flow_chunk_047.parquet,False,high_flow,60615.0,8940599.916767212,4504582979.619972,299608.31355876505,60593.0,263627.1075681088
