missing_rate,mechanism,seed,impute_method,day_index,file_name,is_warmup,flow_group,count,sum_abs_error,sum_squared_error,sum_pct_error,count_pct,sum_smape
0.05,mcar_point,42,geo_func_hybrid,15,node_flow_chunk_015.parquet,False,all,201749.0,27182069.339754563,13428046548.529587,2239239.623834511,200426.0,1533739.944112789
0.05,mcar_point,42,geo_func_hybrid,15,node_flow_chunk_015.parquet,False,low_flow,60525.0,5017330.991761433,1786061420.5337512,921187.2148566537,59456.0,607058.3026502635
0.05,mcar_point,42,geo_func_hybrid,15,node_flow_chunk_015.parquet,False,mid_flow,80708.0,12014721.868198415,5957469003.128941,946402.8994951105,80486.0,621354.3774758584
0.05,mcar_point,42,geo_func_hybrid,15,node_flow_chunk_015.parquet,False,high_flow,60516.0,10150016.479794713,5684516124.866893,371649.5094827459,60484.0,305327.26398666704
