client_id,num_samples,num_nodes,seq_len,pred_len,train_size,val_size,test_size,mean_flow,std_flow,min_flow,max_flow
0,180,8,24,1,125,18,37,0.39232316613197327,0.16884848475456238,0.0,0.7464119791984558
1,190,8,24,1,133,19,38,0.4198518395423889,0.18283192813396454,0.009929063729941845,0.7709647417068481
2,200,8,24,1,140,20,40,0.4460451304912567,0.19786080718040466,0.0,0.8648561239242554
3,210,8,24,1,147,21,42,0.47969046235084534,0.2080235481262207,0.0,0.9663415551185608
4,220,8,24,1,154,22,44,0.4981987774372101,0.2128417044878006,0.0,1.0112203359603882
