client_id,num_samples,target_mean,target_std,target_min,target_max,flow_mean,flow_std,noise_std,scale,offset,peak_amp,phase_shift,local_trend
0,180,0.39377281069755554,0.16115690767765045,0.07079797983169556,0.6610223650932312,0.39232316613197327,0.16884848475456238,0.045,0.92,-0.03,0.9,-2,-0.008
1,190,0.42046138644218445,0.17425687611103058,0.06855802983045578,0.6741796731948853,0.4198518395423889,0.18283192813396454,0.05,0.97,-0.015,0.97,-1,-0.004
2,200,0.4405900239944458,0.18792720139026642,0.12384086102247238,0.7666658163070679,0.4460451304912567,0.19786080718040466,0.055,1.01,0.0,1.03,0,0.0
3,210,0.48126912117004395,0.19962570071220398,0.11667526513338089,0.8311378359794617,0.47969046235084534,0.2080235481262207,0.062,1.06,0.018,1.1,1,0.004
4,220,0.4948207139968872,0.2026994377374649,0.12156655639410019,0.8814365863800049,0.4981987774372101,0.2128417044878006,0.07,1.1,0.03,1.14,2,0.008
