method,mse_mean,mse_std,rmse_mean,rmse_std,mape_mean,mae_mean,mape_std,mae_std
FedAvg,0.00018285213445778936,1.9106701354804406e-05,0.013503101654350758,0.0007199827266233895,1.0789084248244762,0.010789084248244762,0.06393240682083774,0.0006393240682083775
Independent,0.00024677929759491234,0.00012227629253709898,0.01532299630343914,0.00346194803751675,1.2744525447487831,0.012744525447487831,0.269496901104544,0.00269496901104544
