method,mse_mean,mse_std,rmse_mean,rmse_std,mae_mean,mae_std
FedAvg,0.00022453974233940243,3.3470182689521554e-05,0.014944474026560784,0.0010965611859608787,0.012020894698798657,0.0005260412028755898
Independent,0.0005257838987745344,0.00015903228598557515,0.022679464519023897,0.003380207345755287,0.018377157300710677,0.002467371261219956
