method,mse_mean,mse_std,rmse_mean,rmse_std,mae_mean,mae_std,mape_mean,mape_std,r2_mean,r2_std
FedAvg,0.0040728180203586815,0.0027834431408551965,0.060461306273937226,0.02084787337488578,0.049328134208917615,0.017217876711733658,4.932813420891762,1.7217876711733662,0.8853994696546853,0.06520736919944083
Independent,0.00740247652400285,0.005933894666412776,0.08013732701539994,0.031958393792505854,0.06641155317425727,0.02745841344707886,6.641155317425728,2.7458413447078858,0.7870622698021361,0.15817429066472435
