method,mse_mean,mse_std,rmse_mean,rmse_std,mape_mean,mae_mean,mape_std,mae_std
FedAvg,0.00018285082187503577,1.9105480158025378e-05,0.013503055274486541,0.0007199420631328793,1.0789075307548046,0.010789075307548046,0.06393027973532944,0.0006393027973532943
Independent,0.0002468635560944676,0.00012223415292619824,0.01532608810812235,0.003460430275149759,1.2746301665902138,0.012746301665902137,0.2693942312385844,0.002693942312385844
