method,mse_mean,mse_std,rmse_mean,rmse_std,mae_mean,mae_std,mape_mean,mape_std,r2_mean,r2_std
FedAvg,0.00022593995701754465,0.00014674721498896554,0.014442197754979133,0.004252803825543417,0.011790386978536843,0.003745206901615007,1.1790386978536844,0.3745206901615007,-0.38494305228708875,0.7467145469338583
Independent,0.0003454893117304891,0.00033518502153639663,0.017406231462955474,0.0066546045451141385,0.014746404699981213,0.006554315729796245,1.4746404699981213,0.6554315729796245,-1.1746155069822226,1.8268641350344763
