method,mse_mean,mse_std,rmse_mean,rmse_std,mae_mean,mae_std,mape_mean,mape_std,r2_mean,r2_std
FedAvg,0.005701909600757063,0.004274085956611176,0.07091056704521179,0.026489011669630476,0.05680498257279396,0.022619159777906662,5.680205330252647,2.2617912049352076,0.8446171174107513,0.09782561181753852
Independent,0.008637782162986695,0.0045272131832903755,0.08967420160770416,0.024923210844999356,0.07420468255877495,0.020554761603448844,7.420139655470848,2.0555449626189977,0.7576459872394323,0.11211651757333971
