method,mse_mean,mse_std,rmse_mean,rmse_std,mae_mean,mae_std,mape_mean,mape_std,r2_mean,r2_std
FedAvg,0.00451070845592767,0.0018068562061970407,0.06583962842822075,0.013534361003468194,0.05377641081809997,0.01222193382158341,5.377641081809998,1.222193382158341,0.8785687211892853,0.048215708948033696
Independent,0.008092295401729644,0.0049398373766903,0.08600490972399712,0.026915203096089114,0.07296353563666344,0.024418782642779607,7.296353563666344,2.441878264277961,0.786658936110754,0.12402994026057193
