noise_std,method,rmse_mean,rmse_std,mae_mean,mae_std,mape_mean,mape_std
0.0,FedAvg,7.928092155845096,4.875629557840374,6.398697916666666,4.161072875406037,66.03442663947742,167.8806056545226
0.0,Proposed,7.8171849025532625,4.844366705042518,6.277779881159464,4.122292315546941,64.23731312155724,162.28639130425094
0.02,FedAvg,7.91544335893653,5.09182814292616,6.416649786631266,4.308332240095104,64.06469475477934,161.1812153010262
0.02,Proposed,7.854378164512684,5.078788886333159,6.344491847356161,4.288025332448619,62.469472363591194,156.35792267835106
0.05,FedAvg,8.1910048323757,5.279083565397334,6.650565814971924,4.475629981952511,67.98037839432557,176.61257113561643
0.05,Proposed,8.104675328924374,5.232310540266468,6.544600248336792,4.410901787130734,65.87798022975524,170.05477933550404
