delay_rounds,method,rmse_mean,rmse_std,mae_mean,mae_std,mape_mean,mape_std
0,FedAvg,7.928092155845096,4.875629557840374,6.398697916666666,4.161072875406037,66.03442663947742,167.8806056545226
0,Proposed,7.8171849025532625,4.844366705042518,6.277779881159464,4.122292315546941,64.23731312155724,162.28639130425094
1,FedAvg,8.268601629724674,5.331415765471335,6.754359579086303,4.614161401566413,70.60129622618358,182.10930542430697
1,Proposed,8.19887484920973,5.346811498194381,6.663105312983195,4.612008602565511,68.0126837392648,173.44118096635822
2,FedAvg,8.043255309893327,5.146677243225881,6.5394921938578285,4.444319336381975,70.59302921096484,185.7227669161576
2,Proposed,7.926755460054158,5.105293864452217,6.416017134984334,4.38703696172146,68.47007768849532,179.3020798990022
