delay_rate,method,rmse_mean,rmse_std,mae_mean,mae_std
0.0,FedAvg,8.19676464846546,6.231255650144746,6.7421088218688965,5.155609064283918
0.0,Proposed,8.19676464846546,6.231255650144746,6.7421088218688965,5.155609064283918
0.1,FedAvg,8.32275455677847,6.122608788072435,6.736055374145508,4.944573081096498
0.1,Proposed,8.32275455677847,6.122608788072435,6.736055374145508,4.944573081096498
0.2,FedAvg,7.683949096383076,5.549188624107813,6.171365737915039,4.385270810899428
0.2,Proposed,7.683949096383076,5.549188624107813,6.171365737915039,4.385270810899428
0.3,FedAvg,8.295942391733176,5.99673664165734,6.821388864517212,4.997435582198311
0.3,Proposed,8.295942391733176,5.99673664165734,6.821388864517212,4.997435582198311
