dropout_rate,method,rmse_mean,rmse_std,mae_mean,mae_std,mape_mean,mape_std
0.0,FedAvg,6.644864287378242,4.336853527697046,5.181006813049317,3.2717021271493305,24.522899389266968,43.46516538308483
0.0,Proposed,6.644864287378242,4.336853527697046,5.181006813049317,3.2717021271493305,24.522899389266968,43.46516538308483
0.1,FedAvg,6.860913718680552,4.709382810026577,5.468850135803223,3.7627296457038306,26.452747881412506,47.70451876338257
0.1,Proposed,6.860913718680552,4.709382810026577,5.468850135803223,3.7627296457038306,26.452747881412506,47.70451876338257
0.2,FedAvg,7.634051537421579,5.614199665839687,6.217957401275635,4.588911011176678,28.122253455221653,50.32243997917514
0.2,Proposed,7.634051537421579,5.614199665839687,6.217957401275635,4.588911011176678,28.122253455221653,50.32243997917514
0.3,FedAvg,7.103112760825266,4.656207751224905,5.792184352874756,3.835535974578661,28.13833475112915,50.18657805459934
0.3,Proposed,7.103112760825266,4.656207751224905,5.792184352874756,3.835535974578661,28.13833475112915,50.18657805459934
