delay_rate,method,rmse_mean,rmse_std,mae_mean,mae_std,mape_mean,mape_std
0.0,FedAvg,6.644864287378242,4.336853527697046,5.181006813049317,3.2717021271493305,24.522899389266968,43.46516538308483
0.0,Proposed,6.644864287378242,4.336853527697046,5.181006813049317,3.2717021271493305,24.522899389266968,43.46516538308483
0.1,FedAvg,7.356680697793358,5.169767464991623,5.937160873413086,4.124969288020888,26.855060011148453,47.736235528333395
0.1,Proposed,7.356680697793358,5.169767464991623,5.937160873413086,4.124969288020888,26.855060011148453,47.736235528333395
0.2,FedAvg,7.578964626415737,5.748278537921956,6.105872583389282,4.642433010959761,27.452844604849815,49.21835840257537
0.2,Proposed,7.578964626415737,5.748278537921956,6.105872583389282,4.642433010959761,27.452844604849815,49.21835840257537
0.3,FedAvg,6.966416426185477,4.81282729358204,5.574717426300049,3.8096626385735965,25.826482735574245,45.94805539278754
0.3,Proposed,6.966416426185477,4.81282729358204,5.574717426300049,3.8096626385735965,25.826482735574245,45.94805539278754
