dropout_rate,method,rmse_mean,rmse_std,mae_mean,mae_std,mape_mean,mape_std
0.0,FedAvg,7.928092155845096,4.875629557840374,6.398697916666666,4.161072875406037,66.03442663947742,167.8806056545226
0.0,Proposed,7.8171849025532625,4.844366705042518,6.277779881159464,4.122292315546941,64.23731312155724,162.28639130425094
0.2,FedAvg,7.841090148791503,5.09777809500073,6.329916318257649,4.403234165219283,71.25268456836541,190.864590714127
0.2,Proposed,7.72260635280658,5.06812415771447,6.202865155537923,4.356605366844988,68.77318325142066,182.8102142757967
0.4,FedAvg,7.976205752752017,5.123841678897334,6.502489535013835,4.43813908024516,73.63868842522304,204.03445625593739
0.4,Proposed,7.916857873644697,5.081262855227614,6.42513378461202,4.37360763204087,72.1195777753989,198.76809752859492
