dropout_rate,method,rmse_mean,rmse_std,mae_mean,mae_std
0.0,FedAvg,8.19676464846546,6.231255650144746,6.7421088218688965,5.155609064283918
0.0,Proposed,8.19676464846546,6.231255650144746,6.7421088218688965,5.155609064283918
0.1,FedAvg,7.467944515984593,5.348575744222249,5.921817779541016,4.074068435008492
0.1,Proposed,7.467944515984593,5.348575744222249,5.921817779541016,4.074068435008492
0.2,FedAvg,7.7266945482408405,5.7095454930832785,6.251912212371826,4.581849071884117
0.2,Proposed,7.7266945482408405,5.7095454930832785,6.251912212371826,4.581849071884117
0.3,FedAvg,8.410827342250585,6.6643489781798015,6.836719655990601,5.451393951923053
0.3,Proposed,8.410827342250585,6.6643489781798015,6.836719655990601,5.451393951923053
