noise_sigma,method,rmse_mean,rmse_std,mae_mean,mae_std
0.0,FedAvg,8.19676464846546,6.231255650144746,6.7421088218688965,5.155609064283918
0.0,Proposed,8.19676464846546,6.231255650144746,6.7421088218688965,5.155609064283918
0.001,FedAvg,7.756446246824308,5.272301925108493,6.338548040390014,4.278039455818567
0.001,Proposed,7.756446246824308,5.272301925108493,6.338548040390014,4.278039455818567
0.005,FedAvg,7.571767896600983,5.070815493466296,6.147444534301758,4.046470932758982
0.005,Proposed,7.571767896600983,5.070815493466296,6.147444534301758,4.046470932758982
0.01,FedAvg,7.608154356560796,4.743926718864975,6.162749862670898,3.7552342100479033
0.01,Proposed,7.608154356560796,4.743926718864975,6.162749862670898,3.7552342100479033
