noise_sigma,method,rmse_mean,rmse_std,mae_mean,mae_std,mape_mean,mape_std
0.0,FedAvg,6.644864287378242,4.336853527697046,5.181006813049317,3.2717021271493305,24.522899389266968,43.46516538308483
0.0,Proposed,6.644864287378242,4.336853527697046,5.181006813049317,3.2717021271493305,24.522899389266968,43.46516538308483
0.001,FedAvg,6.980318097326034,4.736351015816761,5.669524097442627,3.8544940039687936,27.161172106862068,48.55590324612014
0.001,Proposed,6.980318097326034,4.736351015816761,5.669524097442627,3.8544940039687936,27.161172106862068,48.55590324612014
0.005,FedAvg,6.783588297166645,4.506095852009611,5.3530919551849365,3.474976988975477,24.701835997402668,43.69243870365136
0.005,Proposed,6.783588297166645,4.506095852009611,5.3530919551849365,3.474976988975477,24.701835997402668,43.69243870365136
0.01,FedAvg,6.730977829906249,4.40264663521442,5.324201965332032,3.413504855642545,24.34871554374695,42.800071567047944
0.01,Proposed,6.730977829906249,4.40264663521442,5.324201965332032,3.413504855642545,24.34871554374695,42.800071567047944
