delay_rounds,method,rmse_mean,rmse_std,mae_mean,mae_std,mape_mean,mape_std
0,FedAvg,7.721048176855156,4.564526479355926,6.08798300743103,3.650499506133171,50.43866354227066,119.13992057194503
0,Proposed,7.645606940828173,4.576861074336612,6.007138938903808,3.6447282817849995,49.246761277318,115.53584968958708
1,FedAvg,7.978334979614356,4.751551867473665,6.364362182617188,3.915576561544299,54.37683433294296,132.69318408368463
1,Proposed,7.9319406871176525,4.796645316956358,6.303564758300781,3.9523193756735813,53.318417236208916,129.58058540732293
2,FedAvg,7.8318604824012334,4.602133527168103,6.222507410049438,3.7297040158392543,53.11854840815067,129.6992451660711
2,Proposed,7.749331463388453,4.604439851957476,6.133804168701172,3.7259895411542647,52.077970430254936,127.11751559581407
