dropout_rate,method,rmse_mean,rmse_std,mae_mean,mae_std,mape_mean,mape_std
0.0,FedAvg,7.721048176855156,4.564526479355926,6.08798300743103,3.650499506133171,50.43866354227066,119.13992057194503
0.0,Proposed,7.645606940828173,4.576861074336612,6.007138938903808,3.6447282817849995,49.246761277318,115.53584968958708
0.2,FedAvg,7.576755302176657,4.543119604401146,5.947480955123901,3.5725899805500467,48.36671966314316,112.67528832188084
0.2,Proposed,7.500225262936879,4.575777602855328,5.8610598087310795,3.5811854882850005,46.78781355917454,107.7870359371108
0.4,FedAvg,7.5882120109737174,4.612022438063447,5.953369598388672,3.653574000248629,46.4963827803731,110.10419320861638
0.4,Proposed,7.548861955524265,4.6184164549702,5.900285511016846,3.626571392611373,45.160395398736,105.31535280813367
