noise_std,method,rmse_mean,rmse_std,mae_mean,mae_std,mape_mean,mape_std
0.0,FedAvg,7.721048176855156,4.564526479355926,6.08798300743103,3.650499506133171,50.43866354227066,119.13992057194503
0.0,Proposed,7.645606940828173,4.576861074336612,6.007138938903808,3.6447282817849995,49.246761277318,115.53584968958708
0.02,FedAvg,7.720290614002597,4.760583821947099,6.083675327301026,3.767024136786411,46.52382384985685,104.58929493721583
0.02,Proposed,7.695651097679805,4.7634706462940635,6.048326072692871,3.748528951142532,45.63554061949253,101.79020503598406
0.05,FedAvg,8.02731846799543,4.744590449062289,6.3915602970123295,3.811023190368389,50.99773773550987,119.10963146649735
0.05,Proposed,8.010643323263553,4.735862376970542,6.36283537864685,3.7825351383853936,50.22449667006731,116.40325072754322
