lambda,mse_mean,mse_std,rmse_mean,rmse_std,mae_mean,mae_std,mape_mean,mape_std
0.0,51.12701597213745,53.27403773848685,6.292068195409079,3.7975146142673015,4.878407001495361,2.7980342002310037,24.034214057028294,42.20254593473526
0.25,51.379964447021486,52.13652083570708,6.353024077778193,3.7113086496194336,4.977459239959717,2.7903976696788617,24.848769418895245,43.59605366011159
0.5,53.21890563964844,52.87195213200155,6.508842623193004,3.683387256682773,5.149216604232788,2.821541010804875,25.760984420776367,45.11418542460741
0.75,52.73490810394287,49.92277918254555,6.550553098917915,3.5044903699039773,5.193691062927246,2.6892807171826987,26.237259805202484,45.73226932796678
1.0,53.71738071441651,49.688076555318474,6.65039970642408,3.444118983719021,5.294375419616699,2.6581647230482375,26.691935285925865,46.37701644970525
