aggregation_method,mse_mean,mse_std,rmse_mean,rmse_std,mae_mean,mae_std,mape_mean,mape_std
Data-loss weighted,53.21890563964844,52.87195213200155,6.508842623193004,3.683387256682773,5.149216604232788,2.821541010804875,25.760984420776367,45.11418542460741
FedAvg,53.71738071441651,49.688076555318474,6.65039970642408,3.444118983719021,5.294375419616699,2.6581647230482375,26.691935285925865,46.37701644970525
Loss-weighted,51.12701597213745,53.27403773848685,6.292068195409079,3.7975146142673015,4.878407001495361,2.7980342002310037,24.034214057028294,42.20254593473526
Proposed,52.41490936279297,50.12765355231077,6.514317540524,3.5317446722573087,5.156235933303833,2.7070723635181473,26.078933402895927,45.52999895092786
