method,mse_mean,mse_std,rmse_mean,rmse_std,mae_mean,mae_std,mape_mean,mape_std
FedAvg,66.76688477198283,84.57311816800515,7.050345538892578,4.275283518693779,5.59100915590922,3.65989808397864,53.94825100898743,135.81217721594234
Independent,71.94817237854004,69.60721829370613,7.544921665422643,4.011901416122865,6.025364398956299,3.242947356025908,53.20441596210003,135.46590781896168
Proposed,66.05838108062744,84.50814374447597,6.977354324102825,4.314623106766981,5.48785445690155,3.6556299016263907,50.65291931231817,124.88851124938869
