method,mse_mean,mse_std,rmse_mean,rmse_std,mae_mean,mae_std
FedAvg,73.60711002349854,109.8336699395968,7.186178105908725,4.85128343699486,5.662396494547526,4.083929357679129
Independent,83.78086992899577,95.43743779462942,7.946070164524248,4.702678439249885,6.3502194086710615,3.6603169923789607
Proposed,73.18508783976237,109.78662270613023,7.154226757520974,4.8552762914321175,5.616078511873881,4.061657320008763
