aggregation_method,mse_mean,mse_std,rmse_mean,rmse_std,mae_mean,mae_std
Data-loss weighted,51.842118644714354,50.545033311679916,6.445890182711658,3.586889041553946,5.079781198501587,2.727503644127615
FedAvg,52.72443733215332,51.08441530871818,6.517309217864074,3.5793012395747876,5.143216180801391,2.7193698762351373
Loss-weighted,50.5126091003418,52.19615462849139,6.2599109953149075,3.762665848683171,4.859390115737915,2.786625844483409
Proposed,52.265814781188965,50.59902983924252,6.485159551529674,3.5722052664272392,5.1107689380645756,2.7091712871206814
