lambda,mse_mean,mse_std,rmse_mean,rmse_std,mae_mean,mae_std
0.0,50.5126091003418,52.19615462849139,6.2599109953149075,3.762665848683171,4.859390115737915,2.786625844483409
0.25,50.72304134368896,51.01746027163318,6.320110359122794,3.6707026562018257,4.9532910823822025,2.7694881100162014
0.5,51.842118644714354,50.545033311679916,6.445890182711658,3.586889041553946,5.079781198501587,2.727503644127615
0.75,52.68665199279785,51.21599603436865,6.508437357481969,3.5928566553181223,5.129796981811523,2.7200628602495307
1.0,52.72443733215332,51.08441530871818,6.517309217864074,3.5793012395747876,5.143216180801391,2.7193698762351373
