noniid_level,method,mse_mean,mse_std,rmse_mean,rmse_std,mae_mean,mae_std,mape_mean,mape_std
high,FedAvg,247.76780802408854,148.34002675639917,15.069410076581482,4.70721573391544,11.694090843200684,3.9224775851200206,165.6050140162309,228.39154939796973
high,Independent,280.8349212646484,160.95820292752202,16.0786767183588,4.889245806339571,12.485605589548747,3.895378385961093,154.35359045863152,197.16705289029622
high,Proposed,250.00968475341796,151.36138425740387,15.11622940553557,4.800590735149132,11.775172360738118,3.9985588726365116,158.9154707888762,213.09244478222573
low,FedAvg,9.66651891072591,2.3750216714002694,3.0879937734185625,0.37437571758209043,2.4803117434183757,0.3295171606266873,3.259242611626784,0.45258860482202296
low,Independent,13.547555700937908,3.506148969739032,3.6491715233868742,0.49760450500396936,2.97808198928833,0.43524596472937727,3.9302242174744606,0.6234120481899404
low,Proposed,9.68310743967692,2.367766637426822,3.090813076418766,0.3731841267807265,2.482720470428467,0.3288254978254284,3.263005961974462,0.45194412784907295
medium,FedAvg,66.76688477198283,84.57311816800515,7.050345538892578,4.275283518693779,5.59100915590922,3.65989808397864,53.94825100898743,135.81217721594234
medium,Independent,71.94817237854004,69.60721829370613,7.544921665422643,4.011901416122865,6.025364398956299,3.242947356025908,53.20441596210003,135.46590781896168
medium,Proposed,66.05838108062744,84.50814374447597,6.977354324102825,4.314623106766981,5.48785445690155,3.6556299016263907,50.65291931231817,124.88851124938869
