round,avg_train_loss,avg_val_rmse,c0_train,c0_val_rmse,c1_train,c1_val_rmse,c2_train,c2_val_rmse,c3_train,c3_val_rmse,c4_train,c4_val_rmse
1,0.4793860644776083,0.9323743152249662,0.2967670885475235,1.1425867265033045,0.3405431954591882,1.0109469874845762,0.8620802471095648,1.0838426535802634,0.38697402148830645,0.6777932466180565,0.5105657697834584,0.7467019619386299
2,0.44530915382590647,0.8803608345187192,0.23617586716835057,1.0357913017653584,0.3214044393110676,0.9292693832933051,0.8414696572532117,1.0472856758176965,0.34591502681070446,0.6553105162504695,0.4815807785861981,0.7341472954667665
3,0.431382571547225,0.8304776694098575,0.20996945300761097,0.9637863675511663,0.2947496098547089,0.7696960764769242,0.8516199510821874,0.9677522322763586,0.295834128345762,0.7060593667258749,0.5047397154458562,0.7450943040189628
4,0.40301248364643055,0.792715039636339,0.17615902033008513,0.8348114678591803,0.28293542897834834,0.81196204884968,0.878929267346979,1.0448955898636916,0.2797455320857009,0.602800966378628,0.3972931694910393,0.6691051252305152
5,0.39277315759415854,0.7795114292859135,0.16632908767643242,0.8293258568963433,0.27507128894162114,0.7510441145901497,0.8434068765678636,1.0140697345787266,0.30153520435703046,0.5964839276142496,0.3775233304278451,0.7066335127500984
