Client,Method,MSE,RMSE,MAE
Client 0,Federated,0.02224260393174126,0.1491395451640552,0.12924801670014857
Client 1,Federated,0.010497465365073969,0.10245713916108515,0.08543536346405745
Client 2,Federated,0.02329399776214065,0.15262371297455926,0.11697058069209258
Client 0,Independent,0.18967460649289017,0.4355164824583453,0.3825222425162792
Client 1,Independent,0.06090831127860956,0.24679609251082069,0.1967842122539878
Client 2,Independent,0.028945163720731415,0.17013278261620074,0.14200632025798163
