Model,rmse_mean,rmse_std,mae_mean,mae_std,mse_mean,mse_std
GCN-Attention,0.2655489795151188,0.019471979951231004,0.24046325186888376,0.018552733435394136,0.07089541852474213,0.010476475594635886
GCN-LSTM,0.22995181885947802,0.04025198803736788,0.19947497049967447,0.03524534770051687,0.054498061537742615,0.017495548030285128
GCN-LSTM-Attention,0.2308321142175966,0.05452627147559749,0.2006812443335851,0.06130596928561885,0.056256579235196114,0.026665540193727518
LSTM-Attention,0.20219083805265428,0.0912963305415032,0.1698937714099884,0.08420903596359906,0.04921615496277809,0.04252685617534092
