Level,Method,MSE_mean,MSE_std,RMSE_mean,RMSE_std,MAE_mean,MAE_std
high,CNN-FedAvg,4380.889135742187,1999.5222557782563,64.64516879142137,15.885972100835811,63.91313171386719,16.053633012303212
high,Independent,1263.23349609375,645.0515178958112,34.27991561889648,10.495291602931834,33.06019268035889,11.577841344950185
low,CNN-FedAvg,4853.3892578125,435.2167923105176,69.6078221658392,3.189896381821323,69.35207290649414,3.275892211105779
low,Independent,1417.6818359375,188.19413425510305,37.582498931884764,2.5587237675414833,37.380411529541014,2.580898380620516
medium,CNN-FedAvg,4380.889135742187,1999.5222557782563,64.64516879142137,15.885972100835811,63.91313171386719,16.053633012303212
medium,Independent,1263.23349609375,645.0515178958112,34.27991561889648,10.495291602931834,33.06019268035889,11.577841344950185
