Method,MSE_mean,MSE_std,RMSE_mean,RMSE_std,MAE_mean,MAE_std
CNN-FedAvg,4303.850008138021,1966.642046414529,63.56839611550977,16.78357051999483,62.21925430297851,18.326090905789926
Independent,1323.3375244140625,562.3103637695312,35.41761779785156,8.593803405761719,34.17890930175781,9.503805160522461
