Client_Number,MSE_mean,RMSE_mean,RMSE_std,MAE_mean,Final_Global_Loss
3,4961.16552734375,69.74003157882824,9.873880834190256,69.12480545043945,3565.156024777019
5,4380.889135742187,64.64516879142138,14.20884540245361,63.91313171386719,2982.5017097993505
8,4454.459533691406,65.42484142873865,13.192788094857374,64.751473903656,3045.0222035459683
