Model,rmse_mean,rmse_std,mae_mean,mae_std,mse_mean,mse_std
CCN-Attention,0.4135726359234016,0.12700135870592555,0.38652776181697845,0.13397159539544332,0.18717167029778162,0.09374066025410151
CCN-LSTM,0.21205965937700702,0.02474105668315202,0.18287564317385355,0.0222772757022798,0.04558141902089119,0.010675825097412026
CCN-LSTM-Attention,0.2675280612519661,0.027512318937649192,0.2396232783794403,0.02640340369936316,0.07232819125056267,0.014411744605618306
LSTM-Attention,0.23869424228853278,0.020522156598016702,0.20668716231981912,0.015912911303454635,0.05739610021313032,0.00950459790726464
