Client,Method,MSE,RMSE,MAE
Client 0,Federated,0.028244751152151925,0.16806174803372695,0.123179298825562
Client 1,Federated,0.015376735107905007,0.12400296410935106,0.10243176016956568
Client 2,Federated,0.0213711306957959,0.14618868183206216,0.11099322388569514
Client 0,Independent,0.07822348952936935,0.2796846251215275,0.23189538922160863
Client 1,Independent,0.07240521910058124,0.2690821790839766,0.22592765931040049
Client 2,Independent,0.02531331933938939,0.159101600681418,0.12477268775304158
