Model,rmse_mean,rmse_std,mae_mean,mae_std,mse_mean,mse_std
CCN-Attention,0.1887423802653093,0.03715768355762222,0.1696896900733312,0.039471532956623485,0.037004379555583,0.014656009248002548
CCN-LSTM,0.1939834977573682,0.05176472271963135,0.16362276176611582,0.04809322835327187,0.04030918392042319,0.02194507838368688
CCN-LSTM-Attention,0.23915360677001807,0.1231676100146593,0.20684095472097397,0.12277233751040552,0.07236470778783162,0.06955828739854329
LSTM-Attention,0.20440297135139054,0.09627904070931481,0.17895039667685828,0.10105972019752639,0.05105022837718328,0.04587355570391773
