Client,Method,MSE,RMSE,MAE
Client 0,CCN-FedAvg,0.035914943705512146,0.1895123840426059,0.13049677973613144
Client 1,CCN-FedAvg,0.0188956109236202,0.13746130700535406,0.11645671632140875
Client 2,CCN-FedAvg,0.02129082379817369,0.14591375465724157,0.11490197355548541
Client 0,Independent,0.07822348952936935,0.2796846251215275,0.23189538922160863
Client 1,Independent,0.07240521910058124,0.2690821790839766,0.22592765931040049
Client 2,Independent,0.02531331933938939,0.159101600681418,0.12477268775304158
